UPA,s4,s4_1,s5,s5_1,s6,s6_1,s7,s7_1,s8,s8_1,s9,s10
1,0.084,Hectarea,0,,0, ,0,,0,,"15,000",Ocupado sin titulo
2,1,Hectarea,0,,0, ,0,,0,,"50,000",Propio con titulo
3,2.5,Hectarea,0,,0, ,0,,0,,"50,000",Propio con titulo
4,14,Hectarea,0,,0, ,0,,0,,"98,000",Propio con titulo
5,3,Hectarea,0,,0, ,0,,0,,"75,000",Propio con titulo
6,4,Hectarea,0,,0.25,Hectareas,0,,0,,"48,000",Propio con titulo
7,11.5,Hectarea,0,,0, ,0,,0,,,Empleado remunerado
8,8,Hectarea,0,,0, ,0,,0,,"80,000",Propio con titulo
9,0.012,Hectarea,0,,0, ,0,,0,,,Familiar
9,1.5,Hectarea,0,,0, ,0,,0,,"7,500",Familiar
9,3,Hectarea,0,,0, ,0,,0,,"5,000",Comunero
10,3,Hectarea,0,,0, ,0,,0,,"15,000",Comunero
10,0.075,Hectarea,0,,0, ,0,,0,,"25,000",Propio con titulo
11,0.36,Hectarea,0,,0, ,0,,0,,"30,000",Propio con titulo
12,7.8,Hectarea,0,,0, ,0,,0,,"30,000",Propio con titulo
12,2,Hectarea,0,,0, ,0,,0,,"50,000",Propio con titulo
12,22,Hectarea,0,,0, ,0,,0,,"110,000",Propio con titulo
13,3,Hectarea,0,,0, ,0,,0,,"20,000",Propio con titulo
13,3,Hectarea,0,,0, ,0,,0,,"20,000",Propio con titulo
13,47,Hectarea,0,,0, ,0,,0,,"235,000",Propio con titulo
13,1.5,Hectarea,0,,0, ,0,,0,,"15,000",Propio con titulo
14,1.3,Hectarea,0,,0, ,0,,0,,"22,000",Propio con titulo
15,1,Hectarea,0,,0, ,0,,0,,"12,000",Propio con titulo
15,6,Hectarea,0,,0, ,0,,0,,"20,000",Propio con titulo
16,5.7068,Hectarea,0,,0, ,0,,0,,"40,000",Propio con titulo
17,5,Hectarea,0,,0, ,0,,0,,"20,000",Familiar
18,0.0818,Hectarea,0.0036,Hectarea,0.0009,Hectareas,0,,0,,"25,000",Propio con titulo
19,1.3,Hectarea,0,,0, ,0,,0,,"20,000",Propio con titulo
20,1,Hectarea,0,,0.0012,Hectareas,0,,0,,"50,000",Propio con titulo
21,0.8,Hectarea,0.32,Hectarea,0, ,0,,0,,"150,000",Propio con titulo
22,2.5,Hectarea,0,,0, ,0,,0,,"85,000",Propio con titulo
23,0.09,Hectarea,0,,0, ,0,,0,,"10,000",Ocupado sin titulo
23,0.5,Hectarea,0,,0, ,0,,0,,"20,000",Propio con titulo
24,42,Hectarea,0,,0, ,0,,0,,"210,000",Propio con titulo
24,16,Hectarea,0,,0.06,Hectareas,0,,0,,"192,000",Propio con titulo
25,1.3,Hectarea,0,,0, ,0,,0,,"3,000",Propio con titulo
26,1,Hectarea,0,,0, ,0,,0,,"15,000",Propio con titulo
26,0.7,Hectarea,0,,0, ,0,,0,,"15,000",Propio con titulo
27,3.5,Hectarea,0,,0, ,0,,0,,"150,000",Propio con titulo
28,1,Hectarea,0,,0, ,0,,0,,"10,000",Propio con titulo
28,1,Hectarea,0,,0, ,0,,0,,"10,000",Propio con titulo
28,5.983,Hectarea,0,,0, ,0,,0,,"60,000",Propio con titulo
28,7.981,Hectarea,0,,0, ,0,,0,,"80,000",Propio con titulo
28,4,Hectarea,0,,0, ,0,,0,,"100,000",Propio con titulo
28,9.9,Hectarea,0,,0, ,0,,0,,"50,000",Propio con titulo
28,0.42,Hectarea,0,,0, ,0,,0,,"5,000",Propio con titulo
28,5,Hectarea,0,,0, ,0,,0,,"50,000",Propio con titulo
29,7,Hectarea,0,,0, ,0,,0,,"42,000",Propio con titulo
30,6,Hectarea,0.014,Hectarea,0, ,0,,0,,"90,000",Propio con titulo
31,2.27,Hectarea,0,,0, ,0,,0,,"45,000",Propio con titulo
32,1.5,Hectarea,0,,0.014,Hectareas,0,,0,,"10,000",Propio con titulo
33,1.5,Hectarea,0,,0, ,0,,0,,"6,000",Propio con titulo
33,9,Hectarea,0,,0, ,0,,0,,"45,000",Propio con titulo
34,2,Hectarea,0.5,Hectarea,0, ,0,,0,,"20,000",Propio con titulo
35,6,Hectarea,0,,0, ,0,,0,,"50,000",Propio con titulo
36,1,Hectarea,0,,0, ,0,,0,,"40,000",Propio con titulo
36,0.25,Hectarea,0,,0, ,0,,0,,"9,000",Propio con titulo
37,35,Hectarea,0,,0, ,0,,0,,,Propio con titulo
37,2,Hectarea,0,,0, ,0,,0,,,Propio con titulo
38,0.1,Hectarea,0,,0, ,0,,0,,"5,000",Propio con titulo
38,2,Hectarea,0,,0, ,0,,0,,"50,000",Propio con titulo
39,0.9,Hectarea,0,,0, ,0,,0,,"9,000",Propio con titulo
39,15,Hectarea,0,,0, ,0,,0,,"105,000",Propio con titulo
40,63,Hectarea,0,,0, ,0,,0,,"315,000",Propio con titulo
40,4,Hectarea,0,,0, ,0,,0,,"60,000",Propio con titulo
40,20,Hectarea,0,,0, ,0,,0,,"100,000",Propio con titulo
41,1,Hectarea,0,,0, ,0,,0,,"40,000",Propio con titulo
42,0.0715,Hectarea,0,,0, ,0,,0,,"3,000",Propio con titulo
42,1,Hectarea,0,,0, ,0,,0,,"10,000",Propio con titulo
42,3,Hectarea,0,,0, ,0,,0,,"40,000",Propio con titulo
42,3,Hectarea,0,,0, ,0,,0,,"30,000",Propio con titulo
42,2,Hectarea,0,,0, ,0,,0,,"20,000",Propio con titulo
43,5,Hectarea,0.13,Hectarea,0.045,Hectareas,0,,0,,"230,000",Propio con titulo
43,0.5,Hectarea,0,,0, ,0,,0,,"8,000",Propio con titulo
44,1.2,Hectarea,0,,0, ,0,,0,,"20,000",Propio con titulo
45,1.9,Hectarea,0,,0, ,0,,0,,"18,000",Propio con titulo
45,8,Hectarea,0,,0, ,0,,0,,"60,000",Propio con titulo
46,2,Hectarea,0,,0, ,0,,0,,"30,000",Propio con titulo
46,6,Hectarea,0,,0, ,0,,0,,"90,000",Propio con titulo
47,10,Hectarea,0,,0, ,0,,0,,"32,000",Ocupado sin titulo
47,3,Hectarea,0,,0, ,0,,0,,"24,000",Familiar
47,3,Hectarea,0,,0, ,0,,0,,"24,000",Propio con titulo
47,6,Hectarea,0,,0, ,0,,0,,"48,000",Familiar
48,18,Hectarea,0,,0, ,0,,0,,"180,000",Familiar
48,1.4,Hectarea,0,,0, ,0,,0,,"20,000",Familiar
49,0.074,Hectarea,0,,0, ,0,,0,,"13,000",Propio con titulo
50,0.28,Hectarea,0,,0, ,0,,0,,"5,500",Ocupado sin titulo
51,0.28,Hectarea,0,,0, ,0,,0,,"15,000",Ocupado sin titulo
52,1,Hectarea,0,,0.25,Hectareas,0,,0,,"15,000",Propio con titulo
52,1.5,Hectarea,0.25,Hectarea,0, ,0,,0,,"50,000",Propio con titulo
53,8,Hectarea,0,,0, ,0,,0,,"108,000",Propio con titulo
53,1,Hectarea,0,,0, ,0,,0,,"12,000",Propio con titulo
54,12,Hectarea,0,,0, ,0,,0,,"110,000",Propio con titulo
54,5,Hectarea,0,,0, ,0,,0,,"50,000",Propio con titulo
55,2.3,Hectarea,0,,0, ,0,,0,,"20,000",Propio con titulo
55,2,Hectarea,0,,0, ,0,,0,,"12,000",Propio con titulo
55,1,Hectarea,0,,0, ,0,,0,,"6,000",Propio con titulo
55,3.75,Hectarea,0,,0, ,0,,0,,"25,000",Propio con titulo
55,6,Hectarea,0,,0, ,0,,0,,"50,000",Propio con titulo
55,14.5,Hectarea,0,,0, ,0,,0,,"70,000",Propio con titulo
56,2,Hectarea,0,,0, ,0,,0,,"80,000",Propio con titulo
57,1.75,Hectarea,0,,0, ,0,,0,,"50,000",Propio con titulo
58,1.5,Hectarea,0,,0, ,0,,0,,"25,000",Ocupado sin titulo
59,1,Hectarea,0,,0, ,0,,0,,"20,000",Ocupado sin titulo
60,11.5,Hectarea,0,,0, ,0,,0,,"60,000",Propio con titulo
61,8.5,Hectarea,0,,0.0014,Hectareas,0,,0,,"90,000",Propio con titulo
62,1.5,Hectarea,0,,0, ,0,,0,,"40,000",Propio con titulo
62,9.5,Hectarea,0,,0, ,0,,0,,"120,000",Propio con titulo
63,26,Hectarea,0,,0, ,0,,0,,"260,000",Familiar
63,2,Hectarea,0,,0, ,0,,0,,"20,000",Propio con titulo
63,2,Hectarea,0,,0, ,0,,0,,"10,000",Propio con titulo
63,1,Hectarea,0,,0, ,0,,0,,"50,000",Propio con titulo
63,0.6,Hectarea,0,,0, ,0,,0,,"1,000",Propio con titulo
63,6,Hectarea,0,,0, ,0,,0,,"30,000",Propio con titulo
63,2,Hectarea,0,,0, ,0,,0,,"10,000",Propio con titulo
64,0.18,Hectarea,0,,0, ,0,,0,,"25,000",Propio con titulo
64,49,Hectarea,0,,0, ,0,,0,,"49,000",Familiar
65,1.5,Hectarea,0,,0, ,0,,0,,"400,000",Propio con titulo
66,0.5,Hectarea,0.015,Hectarea,0, ,0,,0,,"30,000",Propio con titulo
66,0.5,Hectarea,0,,0, ,0,,0,,"10,000",Propio con titulo
67,2.3,Hectarea,0,,0, ,0,,0,,"33,000",Propio con titulo
68,0.5337,Hectarea,0,,0, ,0,,0,,"20,000",Propio con titulo
69,2.5,Hectarea,0,,0, ,0,,0,,"70,000",Propio con titulo
69,1.1,Hectarea,0,,0, ,0,,0,,"30,000",Propio con titulo
69,397.6,Hectarea,0.0144,Hectarea,0.02,Hectareas,0,,0,,"1,191,000",Propio con titulo
70,1.75,Hectarea,0.0108,Hectarea,0, ,0,,0,,"20,000",Propio con titulo
71,3,Hectarea,0,,0, ,0,,0,,"80,000",Propio con titulo
72,3,Hectarea,0,,0, ,0,,0,,"30,000",Propio con titulo
73,9.85,Hectarea,0,,0, ,0.01,Hectarea,0,,,Propio con titulo
73,39.8,Hectarea,0,,0, ,0,,0,,,Propio con titulo
73,16.7,Hectarea,0,,0, ,0,,0,,,Propio con titulo
74,11.56,Hectarea,0,,0, ,0,,0,,"88,000",Familiar
74,15.48,Hectarea,0,,0, ,0,,0,,"150,000",Familiar
74,14.56,Hectarea,0,,0, ,0,,0,,"112,000",Familiar
74,5.39,Hectarea,0,,0, ,0,,0,,"40,000",Familiar
74,14.57,Hectarea,0,,0, ,0,,0,,"112,000",Familiar
74,4.87,Hectarea,0,,0, ,0,,0,,"32,000",Familiar
74,213.1,Hectarea,0,,0, ,0,,0,,"1,704,000",Familiar
74,14.62,Hectarea,0,,0, ,0,,0,,"112,000",Familiar
74,19.38,Hectarea,0,,0, ,0,,0,,"152,000",Familiar
74,8.73,Hectarea,0,,0, ,0,,0,,"64,000",Familiar
74,37.58,Hectarea,0,,0, ,0,,0,,"296,000",Familiar
74,0.99,Hectarea,0,,0, ,0,,0,,"8,000",Familiar
74,1.31,Hectarea,0,,0, ,0,,0,,"10,000",Familiar
74,4.24,Hectarea,0,,0, ,0,,0,,"32,000",Familiar
74,4.64,Hectarea,0,,0, ,0,,0,,"32,000",Familiar
74,3.94,Hectarea,0,,0, ,0,,0,,"32,000",Familiar
74,29.38,Hectarea,0,,0, ,0,,0,,"232,000",Propio con titulo
74,5.77,Hectarea,0,,0, ,0,,0,,"40,000",Familiar
74,23.22,Hectarea,0,,0, ,0,,0,,"184,000",Familiar
74,3.01,Hectarea,0,,0, ,0,,0,,"24,000",Familiar
74,1.75,Hectarea,0,,0, ,0,,0,,"16,000",Familiar
74,13.01,Hectarea,0,,0, ,0,,0,,"104,000",Familiar
75,5,Hectarea,0,,0, ,0,,0,,"50,000",Propio con titulo
75,0.1,Hectarea,0,,0, ,0,,0,,"5,000",Propio con titulo
76,10,Hectarea,0,,0, ,0,,0,,"10,000",Propio con titulo
77,0.5,Hectarea,0,,0, ,0,,0,,"15,000",Propio con titulo
78,1,Hectarea,0,,0, ,0,,0,,"10,000",Propio con titulo
79,1.5,Hectarea,0,,0, ,0,,0,,"40,000",Propio con titulo
80,25,Hectarea,0,,0, ,0,,0,,"250,000",Propio con titulo
80,19,Hectarea,0,,0.15,Hectareas,0,,0,,"385,000",Propio con titulo
81,47.7,Hectarea,1,Hectarea,1,Hectareas,0,,0,,"5,000,000",Propio con titulo
81,30,Hectarea,0,,0, ,0,,0,,"1,200,000",Propio con titulo
81,16.9,Hectarea,0,,0, ,0,,0,,"3,000,000",Propio con titulo
82,0.6,Hectarea,0,,0, ,0,,0,,"10,000",Propio con titulo
83,0.72,Hectarea,0,,0, ,0,,0,,"10,000",Propio con titulo
84,0.7,Hectarea,0,,0, ,0,,0,,"10,000",Propio con titulo
85,4,Hectarea,0,,0, ,0,,0,,"28,000",Familiar
86,2,Hectarea,0,,0, ,0,,0,,"20,000",Propio con titulo
87,0.6554,Hectarea,0.0105,Hectarea,0, ,0,,0,,"25,000",Propio con titulo
87,2,Hectarea,0,,0, ,0,,0,,"30,000",Propio con titulo
88,17.5,Hectarea,0,,0, ,0,,0,,"120,000",Propio con titulo
89,4,Hectarea,0,,0, ,0,,0,,"80,000",Propio con titulo
90,1,Hectarea,0,,0, ,0,,0,,"15,000",Familiar
91,0.763,Hectarea,0,,0, ,0,,0,,"30,000",Propio con titulo
92,3.5,Hectarea,0.016,Hectarea,0, ,0,,0,,"30,000",Propio con titulo
93,0.78,Hectarea,0,,0, ,0,,0,,"10,000",Propio con titulo
94,0.5,Hectarea,0,,0, ,0,,0,,"7,000",Propio con titulo
95,0.8,Hectarea,0.0338,Hectarea,0, ,0,,0,,"60,000",Propio con titulo
96,0.75,Hectarea,0,,0, ,0,,0,,"15,000",Propio con titulo
97,1,Hectarea,0,,0.004,Hectareas,0,,0,,"30,000",Propio con titulo
98,12.5,Hectarea,0,,0, ,0,,0,,"125,000",Propio con titulo
98,16,Hectarea,0,,0, ,0.024,Hectarea,0,,"160,000",Propio con titulo
98,20,Hectarea,0,,0, ,0,,0,,"200,000",Propio con titulo
99,6.1,Hectarea,0.0108,Hectarea,0, ,0,,0,,"80,000",Propio con titulo
100,1,Hectarea,0,,0, ,0,,0,,"8,000",Propio con titulo
101,0.7,Hectarea,0,,0, ,0,,0,,,Propio con titulo
102,0.08,Hectarea,0,,0, ,0,,0,,,Propio con titulo
103,1.5,Hectarea,0,,0, ,0,,0,,,Propio con titulo
104,6,Hectarea,0,,0, ,0,,0,,"60,000",Propio con titulo
104,16,Hectarea,0,,0, ,0,,0,,"160,000",Propio con titulo
105,1,Hectarea,0,,0, ,0,,0,,"10,000",Propio con titulo
105,1.3,Hectarea,0,,0, ,0,,0,,"13,000",Propio con titulo
105,5,Hectarea,0,,0, ,0,,0,,"35,000",Propio con titulo
106,9,Hectarea,0,,0, ,0,,0,,"45,000",Propio con titulo
106,5,Hectarea,0,,0, ,0,,0,,"25,000",Propio con titulo
106,5,Hectarea,0,,0, ,0,,0,,"25,000",Propio con titulo
106,5,Hectarea,0,,0, ,0,,0,,"25,000",Propio con titulo
107,24,Hectarea,0,,0, ,0,,0,,"72,000",Propio con titulo
107,11,Hectarea,0,,0, ,0,,0,,"33,000",Familiar
107,15,Hectarea,0,,0, ,0,,0,,"45,000",Familiar
107,37,Hectarea,0,,0, ,0,,0,,"111,000",Familiar
108,2.5,Hectarea,0,,0, ,0,,0,,"25,000",Propio con titulo
109,8.8,Hectarea,0,,0, ,0,,0,,"50,000",Propio con titulo
109,19,Hectarea,0,,0, ,0,,0,,"100,000",Familiar
110,6.25,Hectarea,0,,0, ,0,,0,,"30,000",Propio con titulo
111,2.5,Hectarea,0.06,Hectarea,0.02,Hectareas,0,,0,,"20,000",Propio con titulo
112,7,Hectarea,1.39,Hectarea,0, ,0,,0,,"100,000",Propio con titulo
113,5,Hectarea,0,,0, ,0,,0,,"35,000",Propio con titulo
113,4.5,Hectarea,0,,0, ,0,,0,,"28,000",Propio con titulo
113,1,Hectarea,0,,0, ,0,,0,,"7,000",Propio con titulo
113,4.5,Hectarea,0,,0, ,0,,0,,"25,000",Propio con titulo
113,3.5,Hectarea,0,,0, ,0,,0,,"21,000",Propio con titulo
114,0.5,Hectarea,0,,0, ,0,,0,,"5,000",Familiar
114,10,Hectarea,0,,0, ,0,,0,,"40,000",Propio con titulo
114,0.5,Hectarea,0,,0, ,0,,0,,"7,000",Familiar
114,0.6,Hectarea,0,,0, ,0,,0,,"25,000",Propio con titulo
114,0.5,Hectarea,0,,0, ,0,,0,,"7,000",Propio con titulo
114,2,Hectarea,0,,0, ,0,,0,,"20,000",Propio con titulo
115,1,Hectarea,0,,0, ,0,,0,,"15,000",Propio con titulo
116,1,Hectarea,0,,0, ,0,,0,,"40,000",Propio con titulo
117,0.8,Hectarea,0,,0.03,Hectareas,0,,0,,"18,000",Propio con titulo
117,3.5,Hectarea,0,,0, ,0,,0,,"35,000",Propio con titulo
118,1.5,Hectarea,0,,0, ,0,,0,,"50,000",Propio con titulo
119,1.4,Hectarea,0,,0, ,0,,0,,"4,000",Propio con titulo
120,3.5,Hectarea,0.5,Hectarea,0, ,0,,0,,"200,000",Propio con titulo
121,1.8,Hectarea,0,,0, ,0,,0,,"15,000",Propio con titulo
121,0.5,Hectarea,0,,0, ,0,,0,,"10,000",Propio con titulo
122,0.567,Hectarea,0,,0.0018,Hectareas,0,,0,,"50,000",Propio con titulo
123,1,Hectarea,0,,0, ,0,,0,,"7,000",Propio con titulo
124,0.5,Hectarea,0,,0, ,0,,0,,"10,000",Ocupado sin titulo
124,1.5,Hectarea,0,,0, ,0,,0,,"30,000",Propio con titulo
125,1.1,Hectarea,0,,0, ,0,,0,,"20,000",Propio con titulo
126,3,Hectarea,0,,0, ,0,,0,,"30,000",Propio con titulo
127,22,Hectarea,0,,0, ,0,,0,,"220,000",Propio con titulo
127,6,Hectarea,0.0297,Hectarea,0, ,0,,0,,"300,000",Propio con titulo
128,1.5,Hectarea,0,,0, ,0,,0,,,Familiar
128,13,Hectarea,0,,0, ,0,,0,,,Familiar
128,7.5,Hectarea,0,,0, ,0,,0,,,Familiar
129,2,Hectarea,0,,0, ,0,,0,,"20,000",Propio con titulo
129,1,Hectarea,0,,0, ,0,,0,,"10,000",Propio con titulo
130,3.8,Hectarea,0,,0.25,Hectareas,0,,0,,"40,000",Propio con titulo
131,2,Hectarea,0,,0.25,Hectareas,0,,0,,,Propio con titulo
132,3,Hectarea,0,,0.25,Hectareas,0,,0,,"30,000",Propio con titulo
133,2,Hectarea,0,,0, ,0,,0,,"12,000",Propio con titulo
134,7.5,Hectarea,0.01,Hectarea,0.03,Hectareas,0.0015,Hectarea,0,,"60,000",Propio con titulo
135,3,Hectarea,0,,0, ,0,,0,,,Propio con titulo
136,1,Hectarea,0,,0, ,0,,0,,"6,000",Propio con titulo
137,0.336,Hectarea,0,,0, ,0,,0,,,Propio con titulo
138,1.5,Hectarea,0,,0, ,0,,0,,"22,000",Propio con titulo
139,0.5,Hectarea,0,,0, ,0,,0,,"18,000",Propio con titulo
140,0.15,Hectarea,0,,0, ,0,,0,,"5,000",Propio con titulo
140,3.5,Hectarea,0,,0, ,0,,0,,"40,000",Propio con titulo
141,1.5,Hectarea,0,,0, ,0,,0,,"15,000",Propio con titulo
141,1.5,Hectarea,0,,0, ,0,,0,,"15,000",Familiar
141,1.5,Hectarea,0,,0, ,0,,0,,"15,000",Familiar
142,2,Hectarea,0,,0, ,0,,0,,"20,000",Ocupado sin titulo
142,9.5,Hectarea,0,,0, ,0,,0,,"100,000",Propio con titulo
142,0.5,Hectarea,0,,0, ,0,,0,,"20,000",Ocupado sin titulo
143,1,Hectarea,0,,0, ,0,,0,,"20,000",Propio con titulo
143,11,Hectarea,0,,0, ,0,,0,,"120,000",Propio con titulo
143,2.03,Hectarea,0.12,Hectarea,0, ,0,,0,,"80,000",Propio con titulo
144,4,Hectarea,0,,0, ,0,,0,,,Propio con titulo
144,2,Hectarea,0,,0, ,0,,0,,,Ocupado sin titulo
144,2,Hectarea,0,,0, ,0,,0,,"20,000",Familiar
144,2,Hectarea,0,,0, ,0,,0,,"20,000",Familiar
144,2,Hectarea,0,,0, ,0,,0,,"20,000",Familiar
144,2,Hectarea,0,,0, ,0,,0,,"20,000",Familiar
144,2,Hectarea,0,,0, ,0,,0,,"20,000",Familiar
144,2,Hectarea,0,,0, ,0,,0,,"20,000",Familiar
144,32,Hectarea,0,,0, ,0,,0,,,Propio con titulo
144,4,Hectarea,0,,0, ,0,,0,,,Propio con titulo
144,4,Hectarea,0,,0, ,0,,0,,,Propio con titulo
144,0.5,Hectarea,0,,0, ,0,,0,,,Ocupado sin titulo
144,2,Hectarea,0,,0, ,0,,0,,,Ocupado sin titulo
145,1.5,Hectarea,0,,0, ,0,,0,,,Propio con titulo
146,0.5,Hectarea,0,,0, ,0,,0,,"6,000",Propio con titulo
146,2.5,Hectarea,0,,0, ,0,,0,,"12,000",Propio con titulo
147,1,Hectarea,0,,0, ,0,,0,,,Propio con titulo
148,3,Hectarea,0,,0, ,0,,0,,"30,000",Propio con titulo
149,22,Hectarea,0,,0, ,0.04,Hectarea,0,,"185,000",Propio con titulo
150,0.45,Hectarea,0.0032,Hectarea,0, ,0,,0,,"50,000",Propio con titulo
151,0.7658,Hectarea,0,,0, ,0,,0,,"1,500",Propio con titulo
151,0.2941,Hectarea,0,,0.024,Hectareas,0,,0,,"1,500",Propio con titulo
152,0.5516,Hectarea,0,,0, ,0,,0,,"5,000",Propio con titulo
152,0.1998,Hectarea,0,,0, ,0,,0,,"6,000",Propio con titulo
153,2.5,Hectarea,0,,0, ,0,,0,,"20,000",Propio con titulo
153,31.5,Hectarea,0,,0, ,0,,0,,"240,000",Propio con titulo
154,6,Hectarea,0,,0, ,0,,0,,"48,000",Propio con titulo
155,6,Hectarea,0,,0, ,0,,0,,"40,000",Propio con titulo
156,8,Hectarea,0,,0, ,0,,0,,"56,000",Propio con titulo
156,3,Hectarea,0,,0, ,0,,0,,"36,000",Propio con titulo
156,5.08,Hectarea,0,,0, ,0,,0,,"60,000",Propio con titulo
157,0.5,Hectarea,0,,0.1,Hectareas,0,,0,,"5,000",Propio con titulo
157,2,Hectarea,0,,0, ,0,,0,,"20,000",Propio con titulo
158,1.5,Hectarea,0,,0.07,Hectareas,0,,0,,"50,000",Propio con titulo
159,4,Hectarea,0,,0, ,0,,0,,"45,000",Propio con titulo
160,0.5,Hectarea,0,,0, ,0,,0,,,Propio con titulo
160,0.8,Hectarea,0,,0, ,0,,0,,,Propio con titulo
161,2.03,Hectarea,0,,0, ,0,,0,,"30,000",Propio con titulo
162,3,Hectarea,0,,0, ,0,,0,,"100,000",Propio con titulo
163,24,Hectarea,0,,0, ,0,,0,,"115,000",Propio con titulo
164,0.6,Hectarea,0,,0, ,0,,0,,,Propio con titulo
165,1.8,Hectarea,0,,0, ,0,,0,,"20,000",Propio con titulo
166,0.5,Hectarea,0,,0, ,0,,0,,,Propio con titulo
166,0.5,Hectarea,0,,0, ,0,,0,,,Propio con titulo
167,1.3,Hectarea,0,,0, ,0,,0,,,Propio con titulo
168,0.7,Hectarea,0,,0, ,0,,0,,"10,000",Propio con titulo
168,0.4,Hectarea,0,,0, ,0,,0,,"5,000",Propio con titulo
169,23,Hectarea,0,,0, ,0,,0,,"15,000",Propio con titulo
169,0.75,Hectarea,0.07,Hectarea,0, ,0,,0,,"5,000",Propio con titulo
170,45,Hectarea,0,,0, ,0,,0,,"1,125,000",Propio con titulo
170,6,Hectarea,0,,0, ,0,,0,,"150,000",Propio con titulo
170,77,Hectarea,0,,0, ,0,,0,,"1,925,000",Propio con titulo
170,100,Hectarea,0,,0, ,0,,0,,"3,000,000",Propio con titulo
170,30,Hectarea,0,,0, ,0,,0,,"750,000",Propio con titulo
170,170,Hectarea,0,,0, ,0,,0,,"4,250,000",Propio con titulo
171,8,Hectarea,0,,0.0144,Hectareas,0.0056,Hectarea,0,,"40,000",Propio con titulo
171,1.5,Hectarea,0,,0, ,0,,0,,"10,000",Propio con titulo
171,12,Hectarea,0,,0, ,0.12,Hectarea,0,,"60,000",Propio con titulo
171,1.5,Hectarea,0,,0, ,0,,0,,"10,000",Propio con titulo
172,1,Hectarea,0,,0, ,0,,0,,"50,000",Propio con titulo
173,2,Hectarea,0.5,Hectarea,0, ,0,,0,,"120,000",Propio con titulo
174,7.5,Hectarea,0,,0.5,Hectareas,0,,0,,,Propio con titulo
174,330,Hectarea,0,,0, ,0,,0,,,Propio con titulo
175,104,Hectarea,0,,0, ,0.108,Hectarea,0,,"104,000",Propio con titulo
175,91,Hectarea,0,,0, ,0,,0,,"91,000",Propio con titulo
175,34,Hectarea,0,,0.04,Hectareas,0,,0,,"34,000",Propio con titulo
176,25,Hectarea,0,,0, ,0,,0,,"100,000",Propio con titulo
176,20,Hectarea,0,,0, ,0,,0,,"100,000",Propio con titulo
177,2,Hectarea,0,,0, ,0,,0,,"2,000",Propio con titulo
178,67,Hectarea,0,,0, ,0,,0,,,Propio con titulo
178,3,Hectarea,0,,0, ,0,,0,,,Propio con titulo
178,11,Hectarea,0,,0, ,0,,0,,,Propio con titulo
178,4,Hectarea,0,,0, ,0,,0,,,Propio con titulo
178,17,Hectarea,0,,0, ,0,,0,,,Propio con titulo
178,77,Hectarea,0,,0, ,0,,0,,,Propio con titulo
179,50,Hectarea,0,,0, ,0.0064,Hectarea,0,,"200,000",Propio con titulo
179,2.5,Hectarea,0,,0, ,0,,0,,"15,000",Propio con titulo
180,9,Hectarea,0,,0, ,0,,0,,,Propio con titulo
180,4,Hectarea,0,,0, ,0,,0,,,Propio con titulo
181,10,Hectarea,0,,0, ,0,,0,,,Propio con titulo
181,4,Hectarea,0,,0, ,0,,0,,,Propio con titulo
182,31,Hectarea,0,,0, ,0,,0,,,Propio con titulo
182,10,Hectarea,0,,0, ,0,,0,,,Propio con titulo
182,4,Hectarea,0,,0, ,0,,0,,,Propio con titulo
182,4,Hectarea,0,,0, ,0,,0,,,Familiar
183,67.5,Hectarea,0,,0, ,0,,0,,"100,000",Propio con titulo
184,7,Hectarea,0,,0, ,0,,0,,"80,000",Propio con titulo
185,4.5,Hectarea,0,,0, ,0,,0,,,Propio con titulo
186,4,Hectarea,0,,0, ,0,,0,,,Propio con titulo
187,3,Hectarea,0,,0, ,0,,0,,"20,000",Comunero
188,9,Hectarea,0,,0, ,0,,0,,"225,000",Propio con titulo
189,2.5,Hectarea,0,,0.03,Hectareas,0,,0,,"25,000",Propio con titulo
189,3,Hectarea,0,,0, ,0,,0,,"10,000",Comunero
190,3,Hectarea,0,,0, ,0,,0,,"25,000",Comunero
191,5.5,Hectarea,0,,0, ,0,,0,,"18,000",Propio con titulo
191,52,Hectarea,0,,0, ,0,,0,,"30,000",Propio con titulo
192,3,Hectarea,0,,0, ,0,,0,,,Aparceria (al partir)
193,1.7,Hectarea,0,,0, ,0,,0,,"15,000",Propio con titulo
193,20,Hectarea,0,,0, ,0,,0,,"200,000",Propio con titulo
193,15,Hectarea,0,,0, ,0,,0,,"150,000",Propio con titulo
193,121.2,Hectarea,0,,0, ,0,,0,,"1,210,000",Propio con titulo
193,1,Hectarea,0,,0, ,0,,0,,"10,000",Propio con titulo
193,4,Hectarea,0,,0, ,0,,0,,"40,000",Propio con titulo
194,3,Hectarea,0,,0, ,0,,0,,,Comunero
194,8.8,Hectarea,0,,0, ,0,,0,,"36,000",Propio con titulo
195,2.5,Hectarea,0,,0, ,0,,0,,"25,000",Propio con titulo
195,2.8,Hectarea,0,,0, ,0,,0,,"30,000",Propio con titulo
195,82,Hectarea,0,,0, ,0.02,Hectarea,0,,"1,640,000",Propio con titulo
195,18,Hectarea,0,,0, ,0.012,Hectarea,0,,"360,000",Propio con titulo
195,0.6,Hectarea,0,,0, ,0,,0,,"10,000",Propio con titulo
196,20,Hectarea,0,,0.0018,Hectareas,0,,0,,"100,000",Propio con titulo
197,15,Hectarea,0,,0, ,0,,0,,"60,000",Propio con titulo
198,7.5,Hectarea,0,,0, ,0,,0,,,Propio con titulo
198,1.5,Hectarea,0,,0, ,0,,0,,,Propio con titulo
198,0.5,Hectarea,0,,0, ,0,,0,,,Propio con titulo
198,6,Hectarea,0,,0, ,0,,0,,,Propio con titulo
199,5,Hectarea,0,,0, ,0,,0,,"30,000",Propio con titulo
200,14,Hectarea,0,,0, ,0,,0,,"150,000",Propio con titulo
200,50,Hectarea,0,,0, ,0,,0,,"500,000",Propio con titulo
201,6,Hectarea,0,,0, ,0,,0,,"30,000",Propio con titulo
202,7,Hectarea,0,,0, ,0,,0,,"70,000",Propio con titulo
203,0.32,Hectarea,0,,0, ,0,,0,,"5,000",Propio con titulo
203,24,Hectarea,0.025,Hectarea,0, ,0,,0,,"150,000",Propio con titulo
203,22.5,Hectarea,0,,0, ,0,,0,,"120,000",Familiar
203,22.5,Hectarea,0,,0, ,0,,0,,"120,000",Familiar
203,23,Hectarea,0,,0, ,0,,0,,"120,000",Familiar
204,10,Hectarea,0,,0, ,0,,0,,"100,000",Propio con titulo
204,3,Hectarea,0,,0, ,0,,0,,"30,000",Comunero
205,23.5,Hectarea,0,,0, ,0,,0,,"250,000",Propio con titulo
205,24.7,Hectarea,0,,0, ,0,,0,,"260,000",Propio con titulo
206,3.8,Hectarea,0,,0, ,0,,0,,"55,000",Propio con titulo
206,1.8,Hectarea,0,,0, ,0,,0,,"20,000",Propio con titulo
207,3.5,Hectarea,0,,0, ,0,,0,,"20,000",Propio con titulo
208,6.5,Hectarea,0,,0, ,0,,0,,"65,000",Propio con titulo
208,5,Hectarea,0,,0, ,0,,0,,"5,000",Familiar
209,20,Hectarea,0,,0, ,0,,0,,"70,000",Propio con titulo
210,3,Hectarea,0,,0, ,0,,0,,"18,000",Propio con titulo
211,2,Hectarea,0,,0, ,0,,0,,,Propio con titulo
211,0.5,Hectarea,0,,0, ,0,,0,,,Propio con titulo
211,2.5,Hectarea,0,,0, ,0,,0,,,Propio con titulo
212,3.3,Hectarea,0,,0, ,0,,0,,,Propio con titulo
212,1.3,Hectarea,0,,0, ,0,,0,,,Propio con titulo
212,21,Hectarea,0,,0, ,0,,0,,,Propio con titulo
213,3,Hectarea,0,,0, ,0,,0,,"30,000",Propio con titulo
214,9,Hectarea,0,,0, ,0,,0,,,Familiar
214,4,Hectarea,0,,0, ,0,,0,,,Familiar
215,6,Hectarea,0,,0, ,0,,0,,,Propio con titulo
215,6,Hectarea,0,,0, ,0,,0,,,Propio con titulo
216,20,Hectarea,0.008,Hectarea,0, ,0,,0,,"100,000",Familiar
217,4,Hectarea,0,,0, ,0,,0,,,Familiar
217,9,Hectarea,0,,0, ,0,,0,,,Familiar
218,1,Hectarea,0,,0, ,0,,0,,"15,000",Propio con titulo
219,1,Hectarea,0,,0, ,0,,0,,,Propio con titulo
220,7.5,Hectarea,0,,0, ,0,,0,,,Propio con titulo
220,18,Hectarea,0,,0, ,0,,0,,,Propio con titulo
220,1,Hectarea,0,,0, ,0,,0,,,Propio con titulo
220,2,Hectarea,0,,0, ,0,,0,,,Propio con titulo
220,27,Hectarea,0,,0, ,0,,0,,,Propio con titulo
221,10,Hectarea,0,,0, ,0,,0,,,Propio con titulo
221,3,Hectarea,0,,0, ,0,,0,,,Propio con titulo
221,30,Hectarea,0,,0, ,0,,0,,,Propio con titulo
221,0.5,Hectarea,0,,0, ,0,,0,,,Propio con titulo
222,8,Hectarea,0,,0, ,0,,0,,"40,000",Familiar
222,9,Hectarea,0,,0, ,0,,0,,"45,000",Familiar
222,4,Hectarea,0,,0, ,0,,0,,"20,000",Familiar
222,6,Hectarea,0,,0, ,0,,0,,"30,000",Propio con titulo
223,1.5,Hectarea,0,,0, ,0,,0,,"20,000",Propio con titulo
224,6.4,Hectarea,0,,0, ,0,,0,,"35,000",Propio con titulo
225,6.5,Hectarea,0,,0, ,0,,0,,"95,000",Propio con titulo
226,3.5,Hectarea,0,,0, ,0,,0,,"40,000",Propio con titulo
227,2,Hectarea,0,,0, ,0,,0,,"25,000",Propio con titulo
228,40,Hectarea,0,,0, ,0,,0,,,Propio con titulo
229,1,Hectarea,0,,0, ,0,,0,,"15,000",Propio con titulo
230,6,Hectarea,0,,0, ,0,,0,,"36,000",Propio con titulo
231,0.75,Hectarea,0,,0, ,0,,0,,"4,000",Propio con titulo
231,5.25,Hectarea,0,,0, ,0,,0,,"24,000",Propio con titulo
232,40,Hectarea,0,,0, ,0,,0,,,Propio con titulo
233,1.3,Hectarea,0,,0, ,0,,0,,"15,000",Propio con titulo
233,8,Hectarea,0,,0, ,0,,0,,"80,000",Propio con titulo
234,45,Hectarea,0.01,Hectarea,0, ,0,,0,,,Propio con titulo
235,6,Hectarea,0,,0, ,0,,0,,"36,000",Propio con titulo
236,0.8,Hectarea,0,,0, ,0,,0,,"20,000",Propio con titulo
236,4,Hectarea,0,,0, ,0,,0,,"30,000",Familiar
236,4,Hectarea,0,,0, ,0,,0,,"30,000",Ocupado sin titulo
236,4,Hectarea,0,,0, ,0,,0,,"30,000",Ocupado sin titulo
236,4,Hectarea,0,,0, ,0,,0,,"30,000",Ocupado sin titulo
237,0.5,Hectarea,0,,0, ,0,,0,,"6,000",Familiar
237,4,Hectarea,0,,0, ,0,,0,,"45,000",Propio con titulo
238,4,Hectarea,0,,0, ,0,,0,,,Propio con titulo
239,48,Hectarea,0,,0, ,0,,0,,"30,000",Propio con titulo
239,0.25,Hectarea,0,,0, ,0,,0,,"9,000",Propio con titulo
240,33,Hectarea,0,,0, ,0,,0,,"165,000",Propio con titulo
241,11,Hectarea,0.09,Hectarea,0, ,0,,0,,"800,000",Propio con titulo
241,1,Hectarea,0,,0, ,0,,0,,"7,000",Propio con titulo
241,0.5,Hectarea,0,,0, ,0,,0,,"5,000",Propio con titulo
241,3,Hectarea,0,,0, ,0,,0,,"21,000",Propio con titulo
242,2,Hectarea,0,,0, ,0,,0,,"30,000",Propio con titulo
243,5.5,Hectarea,0,,0, ,0,,0,,"27,500",Propio con titulo
243,7.5,Hectarea,0,,0, ,0,,0,,"37,500",Propio con titulo
244,21,Hectarea,0,,0, ,0,,0,,,Propio con titulo
245,1.6,Hectarea,0,,0, ,0,,0,,,Propio con titulo
245,3.3,Hectarea,0,,0, ,0,,0,,,Propio con titulo
246,255,Hectarea,0,,0, ,0,,0,,,Arrendado
247,88,Hectarea,0,,0, ,0,,0,,"800,000",Propio con titulo
248,8,Hectarea,0,,0, ,0,,0,,,Propio con titulo
249,23,Hectarea,0,,0, ,0,,0,,,Propio con titulo
250,14,Hectarea,0,,0, ,0,,0,,"50,000",Propio con titulo
251,4.5,Hectarea,0,,0, ,0,,0,,"60,000",Propio con titulo
252,10,Hectarea,0,,0, ,0,,0,,,Propio con titulo
253,4.5,Hectarea,0,,0, ,0,,0,,"22,000",Propio con titulo
254,1,Hectarea,0,,0, ,0,,0,,"20,000",Propio con titulo
255,3,Hectarea,0,,0, ,0,,0,,"3,000",Familiar
255,9.5,Hectarea,0,,0, ,0,,0,,"95,000",Familiar
255,2,Hectarea,0,,0, ,0,,0,,"20,000",Propio con titulo
256,5,Hectarea,0,,0, ,0,,0,,"50,000",Propio con titulo
256,1,Hectarea,0,,0, ,0,,0,,"50,000",Propio con titulo
257,1.5,Hectarea,0,,0, ,0,,0,,,Propio con titulo
257,1.5,Hectarea,0,,0, ,0,,0,,,Propio con titulo
258,1.5,Hectarea,0,,0, ,0,,0,,"15,000",Propio con titulo
259,7,Hectarea,0,,0, ,0,,0,,"35,000",Ocupado sin titulo
260,1,Hectarea,0,,0, ,0,,0,,,Propio con titulo
261,3,Hectarea,0,,0.06,Hectareas,0,,0,,"45,000",Propio con titulo
262,2,Hectarea,0,,0, ,0,,0,,"30,000",Propio con titulo
263,4.5,Hectarea,0,,0, ,0,,0,,"40,000",Propio con titulo
264,29,Hectarea,0,,0.027,Hectareas,0,,0,,"580,000",Propio con titulo
264,45,Hectarea,0,,0, ,0,,0,,"900,000",Familiar
264,47,Hectarea,0,,0, ,0,,0,,"940,000",Familiar
264,29,Hectarea,0,,0, ,0,,0,,"580,000",Familiar
264,29,Hectarea,0,,0, ,0,,0,,"580,000",Familiar
265,2,Hectarea,0,,0, ,0,,0,,"40,000",Arrendado
265,0.1102,Hectarea,0,,0.0102,Hectareas,0,,0,,"50,000",Propio con titulo
266,0.5,Hectarea,0,,0, ,0,,0.24,Hectarea,"8,000",Empleado remunerado
267,2,Hectarea,0,,0, ,0,,0,,"30,000",Familiar
268,78.1852,Hectarea,0,,0, ,0,,0,,"1,180,000",Propio con titulo
268,43.0368,Hectarea,0,,0, ,0,,0,,"650,000",Propio con titulo
269,6.8,Hectarea,0,,0, ,0,,0,,"20,000",Propio con titulo
270,0.078,Hectarea,0.0018,Hectarea,0, ,0,,0,,"5,000",Propio con titulo
271,0.1074,Hectarea,0.01,Hectarea,0, ,0,,0,,"40,000",Propio con titulo
272,6,Hectarea,0,,0, ,0,,0,,"90,000",Propio con titulo
273,0.166,Hectarea,0,,0, ,0,,0,,"30,000",Propio con titulo
273,24.6,Hectarea,0,,0, ,0,,0,,"250,000",Propio con titulo
274,80.9476,Hectarea,0,,0, ,0,,0,,"1,600,000",Propio con titulo
275,118.9467,Hectarea,0,,0, ,0,,0,,"1,000,000",Propio con titulo
276,0.2,Hectarea,0,,0, ,0,,0,,"5,000",Arrendado
276,0.2341,Hectarea,0,,0, ,0,,0.033,Hectarea,"5,000",Ocupado sin titulo
277,4.3072,Hectarea,0,,0, ,0,,0,,"107,680",Propio con titulo
278,1.011,Hectarea,0.03,Hectarea,0.015,Hectareas,0,,0,,"20,000",Propio con titulo
278,0.049,Hectarea,0,,0, ,0,,0,,"40,000",Propio con titulo
279,48.7963,Hectarea,0,,0, ,0,,0.3,Hectarea,"120,000",Familiar
279,77.3505,Hectarea,0.15,Hectarea,0, ,0.02,Hectarea,0,,"386,000",Familiar
280,0.5092,Hectarea,0.022,Hectarea,0, ,0,,0,,"50,000",Propio con titulo
281,0.637,Hectarea,0.08,Hectarea,0.032,Hectareas,0,,0,,"40,000",Familiar
282,85.44,Hectarea,0,,0, ,0.04,Hectarea,0,,"700,000",Empleado remunerado
283,3.9016,Hectarea,0,,0.0012,Hectareas,0,,0,,"80,000",Propio con titulo
283,0.503,Hectarea,0.04,Hectarea,0, ,0,,0,,"60,000",Propio con titulo
284,60,Hectarea,0,,0, ,1,Hectarea,0,,"65,000",Propio con titulo
284,3,Hectarea,0,,0, ,0,,0,,,Arrendado
284,62,Hectarea,0,,0, ,0.3,Hectarea,0,,"300,000",Propio con titulo
285,101,Hectarea,0,,0, ,0,,0,,"2,020,000",Propio con titulo
285,69.99,Hectarea,0,,0, ,0,,0,,"1,049,850",Propio con titulo
286,0.07,Hectarea,0.004,Hectarea,0, ,0,,0,,"8,000",Propio con titulo
287,0.2607,Hectarea,0.0015,Hectarea,0, ,0,,0,,"30,000",Propio con titulo
288,0.7375,Hectarea,0,,0.0016,Hectareas,0,,0,,"450,000",Propio con titulo
289,1.1356,Hectarea,0,,0.0016,Hectareas,0,,0,,"17,000",Ocupado sin titulo
290,1,Hectarea,0.0205,Hectarea,0, ,0,,0,,"25,000",Familiar
291,0.07,Hectarea,0,,0, ,0,,0,,"18,000",Propio con titulo
292,0.0786,Hectarea,0,,0, ,0,,0,,"5,000",Propio con titulo
292,1,Hectarea,0,,0, ,0,,0,,"20,000",Arrendado
292,0.5,Hectarea,0,,0, ,0,,0.2,Hectarea,"10,000",Propio con titulo
293,0.1012,Hectarea,0,,0, ,0,,0,,"10,000",Propio con titulo
294,0.5,Hectarea,0,,0, ,0,,0,,"10,000",Propio con titulo
294,0.1387,Hectarea,0,,0, ,0,,0,,"5,000",Propio con titulo
295,53,Hectarea,0.0024,Hectarea,0.0015,Hectareas,0.01,Hectarea,0,,"1,325,000",Propio con titulo
296,0.03,Hectarea,0,,0, ,0,,0,,"5,000",Propio con titulo
296,0.05,Hectarea,0,,0, ,0,,0,,"5,000",Propio con titulo
296,0.15,Hectarea,0,,0, ,0,,0,,"5,000",Propio con titulo
297,0.1019,Hectarea,0,,0.0012,Hectareas,0,,0,,"15,000",Familiar
298,7,Hectarea,0,,0.0068,Hectareas,0.02,Hectarea,0,,"350,000",Propio con titulo
299,2.5,Hectarea,0.0023,Hectarea,0.003,Hectareas,0,,0,,"50,000",Familiar
300,77.5,Hectarea,0,,0, ,0.006,Hectarea,0,,"1,600,000",Propio con titulo
301,25.8684,Hectarea,0,,0, ,0.015,Hectarea,0,,"80,000",Propio con titulo
301,29.9092,Hectarea,0,,0, ,0,,0,,"80,000",Propio con titulo
301,55.0017,Hectarea,0,,0, ,0,,0,,"100,000",Propio con titulo
301,0.129,Hectarea,0,,0, ,0,,0,,"20,000",Propio con titulo
301,0.0643,Hectarea,0,,0, ,0,,0,,"20,000",Propio con titulo
301,0.0526,Hectarea,0,,0, ,0,,0,,"20,000",Propio con titulo
302,56.1046,Hectarea,0.02,Hectarea,0, ,0,,0,,"300,000",Propio con titulo
303,147.3493,Hectarea,0.1,Hectarea,0, ,0.018,Hectarea,0,,"1,500,000",Propio con titulo
304,7,Hectarea,0.1,Hectarea,0, ,0,,0,,"80,000",Ocupado sin titulo
304,40.6953,Hectarea,0,,0, ,0,,0,,"300,000",Propio con titulo
305,18.3426,Hectarea,0.0025,Hectarea,0, ,0,,0,,"180,000",Propio con titulo
306,33.1741,Hectarea,0,,0.0024,Hectareas,0.04,Hectarea,0,,"2,000,000",Propio con titulo
307,0.055,Hectarea,0,,0, ,0,,0,,"45,000",Propio con titulo
308,0.1,Hectarea,0,,0, ,0,,0.1,Hectarea,"6,000",Arrendado
308,0.1,Hectarea,0,,0, ,0,,0,,"20,000",Propio con titulo
309,1,Hectarea,0,,0, ,0,,0,,"100,000",Propio con titulo
309,4.5,Hectarea,0,,0, ,0,,0,,"200,000",Propio con titulo
310,9,Hectarea,0,,0, ,0,,0,,"15,000",Aparceria (al partir)
311,0.012,Hectarea,0,,0, ,0,,0,,"9,000",Propio con titulo
311,0.2356,Hectarea,0,,0, ,0,,0,,"7,500",Propio con titulo
311,7.0493,Hectarea,0,,0.0015,Hectareas,0,,0,,"105,000",Propio con titulo
311,6.476,Hectarea,0,,0, ,0,,0,,"90,000",Propio con titulo
311,0.0401,Hectarea,0,,0, ,0,,0,,"9,000",Propio con titulo
312,12.4,Hectarea,0,,0, ,0,,0,,"300,000",Propio con titulo
313,2,Hectarea,0,,0, ,0,,0,,"28,000",Propio con titulo
313,26,Hectarea,0,,0, ,0,,0,,"364,000",Propio con titulo
314,0.4352,Hectarea,0.05,Hectarea,0, ,0,,0,,"50,000",Propio con titulo
315,25,Hectarea,0.0018,Hectarea,0, ,0,,0,,"375,000",Propio con titulo
316,12.555,Hectarea,0,,0, ,0,,0,,"180,000",Propio con titulo
316,6.9735,Hectarea,0,,0, ,0,,0,,"50,000",Propio con titulo
316,0.4647,Hectarea,0,,0, ,0,,0,,"40,000",Propio con titulo
316,0.2411,Hectarea,0.006,Hectarea,0, ,0,,0,,"25,000",Propio con titulo
316,17.2791,Hectarea,0,,0, ,0,,0,,"255,000",Propio con titulo
317,11,Hectarea,0,,0, ,0,,0,,"165,000",Empleado remunerado
318,2,Hectarea,0,,0, ,0,,0,,"15,000",Propio con titulo
318,37,Hectarea,0.2,Hectarea,0, ,0,,0,,"50,000",Propio con titulo
319,42,Hectarea,0,,0.0024,Hectareas,0,,0,,"1,050,000",Empleado remunerado
319,0.17,Hectarea,0,,0, ,0,,0,,"10,000",Propio con titulo
320,13.5,Hectarea,0,,0, ,0,,0,,"650,000",Propio con titulo
321,1,Hectarea,0,,0, ,0,,0.2,Hectarea,"15,000",Arrendado
321,1,Hectarea,0,,0, ,0,,0.2,Hectarea,"15,000",Arrendado
322,11.6756,Hectarea,0,,0, ,0,,0,,,Familiar
322,9.6084,Hectarea,0,,0, ,0,,0,,,Familiar
322,5.1179,Hectarea,0,,0, ,0,,0,,,Familiar
322,20,Hectarea,0,,0, ,0,,0,,,Arrendado
322,4.1675,Hectarea,0,,0, ,0,,0,,,Familiar
322,0.1,Hectarea,0,,0, ,0,,0,,"100,000",Propio con titulo
323,0.2,Hectarea,0.0006,Hectarea,0, ,0,,0,,"200,000",Propio con titulo
324,60,Hectarea,0,,0, ,0.015,Hectarea,0,,"1,200,000",Propio con titulo
325,3,Hectarea,0,,0, ,0,,0,,"60,000",Propio con titulo
325,0.18,Hectarea,0,,0, ,0,,0,,"350,000",Propio con titulo
326,0.3,Hectarea,0,,0.004,Hectareas,0,,0,,"15,000",Propio con titulo
327,1.6693,Hectarea,0.01,Hectarea,0, ,0,,0,,"100,000",Familiar
328,0.147,Hectarea,0,,0, ,0,,0,,"30,000",Propio con titulo
329,0.054,Hectarea,0,,0, ,0,,0,,"60,000",Ocupado sin titulo
330,0.12,Hectarea,0,,0, ,0,,0,,"20,833",Propio con titulo
331,1.0189,Hectarea,0,,0.004,Hectareas,0,,0,,"21,000",Propio con titulo
332,0.1,Hectarea,0,,0, ,0,,0,,"50,000",Propio con titulo
332,0.1,Hectarea,0,,0, ,0,,0,,"50,000",Propio con titulo
333,0.25,Hectarea,0.021,Hectarea,0, ,0,,0,,"60,000",Empleado remunerado
334,8.367,Hectarea,0,,0, ,0,,0,,"3,500,000",Propio con titulo
335,6.43,Hectarea,0,,0, ,0,,0,,"5,500,000",Propio con titulo
335,1.0008,Hectarea,0,,0, ,0,,0,,"50,000",Propio con titulo
336,0.25,Hectarea,0.0045,Hectarea,0, ,0,,0,,"150,000",Propio con titulo
336,0.05,Hectarea,0,,0, ,0,,0,,"5,000",Arrendado
337,7.5,Hectarea,0,,0, ,0,,0,,"625,000",Propio con titulo
338,6.5,Hectarea,0,,0, ,0,,0,,"3,125,000",Propio con titulo
339,1,Hectarea,0,,0, ,0,,0,,"50,000",Propio con titulo
339,6,Hectarea,0,,0, ,0,,0,,"300,000",Propio con titulo
340,6.5,Hectarea,0,,0, ,0,,0,,"312,500",Propio con titulo
341,3.9954,Hectarea,0.25,Hectarea,0.0036,Hectareas,0,,0,,"390,000",Propio con titulo
341,3.848,Hectarea,0,,0, ,0,,0,,"38,480",Propio con titulo
342,8,Hectarea,0.01,Hectarea,0.05,Hectareas,0,,0,,"1,000,000",Propio con titulo
343,3.167,Hectarea,0.0025,Hectarea,0, ,0,,0,,"70,000",Propio con titulo
344,10,Hectarea,0,,0, ,0,,0,,"10,000",Propio con titulo
345,12,Hectarea,0,,0, ,0,,0,,"900,000",Propio con titulo
346,0.5654,Hectarea,0,,0, ,0,,0,,"10,000",Propio con titulo
346,0.4965,Hectarea,0,,0, ,0,,0,,"10,000",Propio con titulo
346,1,Hectarea,0,,0, ,0,,0,,"30,000",Arrendado
347,0.35,Hectarea,0,,0, ,0,,0,,"15,000",Propio con titulo
348,0.1,Hectarea,0,,0, ,0,,0,,"10,000",Propio con titulo
348,0.09,Hectarea,0,,0, ,0,,0,,"5,000",Propio con titulo
349,0.0799,Hectarea,0,,0, ,0,,0,,"60,000",Propio con titulo
350,72,Hectarea,0.0016,Hectarea,0.0066,Hectareas,0.1,Hectarea,0,,"1,460,000",Propio con titulo
351,35,Hectarea,0.0225,Hectarea,0, ,0,,0,,"420,000",Propio con titulo
352,20,Hectarea,0,,0, ,0,,0,,"198,000",Propio con titulo
353,2,Hectarea,0,,0, ,0,,0,,"100,000",Propio con titulo
353,3,Hectarea,0,,0, ,0,,0,,"50,000",Propio con titulo
354,2.54,Hectarea,0,,0, ,0,,0,,"127,000",Propio con titulo
354,160.46,Hectarea,0.12,Hectarea,0, ,0,,0,,"2,400,000",Propio con titulo
355,2,Hectarea,0.018,Hectarea,0.0027,Hectareas,0,,0,,"15,000",Propio con titulo
356,0.5,Hectarea,0,,0, ,0,,0,,"30,000",Familiar
356,0.0732,Hectarea,0,,0.005,Hectareas,0,,0,,"5,000",Ocupado sin titulo
357,0.2626,Hectarea,0,,0, ,0,,0,,"20,000",Propio con titulo
358,1.028,Hectarea,0,,0, ,0,,0,,"30,000",Propio con titulo
358,0.15,Hectarea,0,,0, ,0,,0,,"40,000",Ocupado sin titulo
359,0.5151,Hectarea,0,,0.015,Hectareas,0,,0,,"10,000",Propio con titulo
360,41,Hectarea,0,,0.18,Hectareas,0.0144,Hectarea,0,,"860,000",Propio con titulo
361,1,Hectarea,1,Hectarea,0, ,0,,0,,"50,000",Propio con titulo
362,0.9161,Hectarea,0,,0.0042,Hectareas,0,,0,,"10,000",Propio con titulo
363,0.16,Hectarea,0.16,Hectarea,0, ,0,,0,,"15,000",Arrendado
364,0.84,Hectarea,0,,0, ,0,,0,,"80,000",Propio con titulo
365,0.0576,Hectarea,0,,0, ,0,,0,,"10,000",Propio con titulo
365,0.006,Hectarea,0,,0.006,Hectareas,0,,0,,400,Arrendado
366,0.1,Hectarea,0,,0, ,0,,0,,"25,000",Propio con titulo
366,2,Hectarea,0,,0, ,0,,0,,"100,000",Ocupado sin titulo
367,4,Hectarea,0,,0, ,0,,0,,"60,000",Propio con titulo
368,17,Hectarea,0,,0, ,0,,0,,"425,000",Propio con titulo
369,2.3957,Hectarea,0.0962,Hectarea,0, ,0,,0,,"35,000",Propio con titulo
369,0.1717,Hectarea,0,,0, ,0,,0,,"3,000",Propio con titulo
369,0.0308,Hectarea,0,,0, ,0,,0,,"1,000",Propio con titulo
369,0.1073,Hectarea,0,,0, ,0,,0,,"3,000",Propio con titulo
370,6,Hectarea,0,,0, ,0,,0,,"120,000",Propio con titulo
370,23.64,Hectarea,1.4,Hectarea,0.0072,Hectareas,0,,0,,"150,000",Propio con titulo
371,7,Hectarea,0,,0, ,0,,0,,"60,000",Propio con titulo
371,0.9592,Hectarea,0,,0, ,0,,0,,"10,000",Propio con titulo
372,7,Hectarea,0,,0.09,Hectareas,0,,0,,"350,000",Propio con titulo
373,82,Hectarea,0,,0, ,0,,0,,"1,640,000",Propio con titulo
373,101,Hectarea,0.09,Hectarea,0.0028,Hectareas,0.02,Hectarea,0,,"2,000,000",Propio con titulo
374,6,Hectarea,0,,0, ,0,,0,,"60,000",Propio con titulo
375,3.7,Hectarea,0,,0, ,0,,0,,"8,000",Propio con titulo
376,0.2742,Hectarea,0,,0, ,0,,0,,"5,500",Propio con titulo
376,0.6715,Hectarea,0,,0, ,0,,0,,"10,000",Propio con titulo
376,3.9,Hectarea,0,,0, ,0,,0,,"60,000",Propio con titulo
376,0.2539,Hectarea,0,,0, ,0,,0,,"5,000",Propio con titulo
377,0.4,Hectarea,0,,0, ,0,,0,,"3,000",Propio con titulo
377,64.2723,Hectarea,0,,0, ,0,,0,,"964,000",Ocupado sin titulo
377,2.5016,Hectarea,0,,0, ,0,,0,,"30,500",Propio con titulo
377,1,Hectarea,0,,0, ,0,,0,,"15,000",Propio con titulo
377,0.1518,Hectarea,0,,0, ,0,,0,,"5,000",Propio con titulo
378,3,Hectarea,0.0728,Hectarea,0.0126,Hectareas,0,,0,,"90,000",Propio con titulo
379,2,Hectarea,0.0165,Hectarea,0, ,0,,0,,"60,000",Ocupado sin titulo
380,0.5,Hectarea,0,,0, ,0,,0,,"12,500",Propio con titulo
381,32,Hectarea,0,,0, ,0,,0,,"925,000",Propio con titulo
381,5,Hectarea,0,,0, ,0,,0,,"125,000",Propio con titulo
382,3,Hectarea,0,,0.003,Hectareas,0,,0,,"15,000",Propio con titulo
383,0.5,Hectarea,0.1,Hectarea,0.0009,Hectareas,0,,0,,"50,000",Ocupado sin titulo
384,0.2,Hectarea,0,,0, ,0,,0,,"25,000",Propio con titulo
385,1,Hectarea,0,,0, ,0,,0,,"30,000",Propio con titulo
385,2.45,Hectarea,0,,0, ,0,,0,,"20,000",Propio con titulo
386,0.4,Hectarea,0.01,Hectarea,0.00175,Hectareas,0,,0,,"50,000",Propio con titulo
387,0.05,Hectarea,0,,0, ,0,,0,,"1,250",Propio con titulo
387,1,Hectarea,0.003,Hectarea,0, ,0,,0,,"25,000",Propio con titulo
387,0.05,Hectarea,0,,0, ,0,,0,,"1,250",Propio con titulo
387,0.1,Hectarea,0,,0, ,0,,0,,"2,500",Propio con titulo
388,1,Hectarea,0,,0, ,0,,0,,"20,000",Propio con titulo
389,2,Hectarea,0,,0, ,0,,0,,"50,000",Propio con titulo
390,1.5,Hectarea,0,,0, ,0,,0,,"45,000",Propio con titulo
391,0.1,Hectarea,0,,0, ,0,,0,,"2,500",Propio con titulo
392,3.5,Hectarea,0.0225,Hectarea,0.024,Hectareas,0,,0,,"100,000",Propio con titulo
393,18,Hectarea,0,,0, ,0,,0,,"300,000",Ocupado sin titulo
393,2.014,Hectarea,0,,0, ,0,,0,,"50,000",Propio con titulo
394,1,Hectarea,0.05,Hectarea,0, ,0,,0,,"15,000",Propio con titulo
395,1,Hectarea,0.01,Hectarea,0, ,0,,0,,"50,000",Propio con titulo
396,10,Hectarea,0,,0, ,0,,0,,"200,000",Propio con titulo
397,0.02,Hectarea,0,,0, ,0,,0,,"2,000",Ocupado sin titulo
397,98,Hectarea,0,,0, ,0.06,Hectarea,0,,"4,900,000",Propio con titulo
398,1.5,Hectarea,0,,0, ,0,,0,,"50,000",Propio con titulo
399,0.8,Hectarea,0,,0, ,0,,0,,"20,000",Propio con titulo
399,0.1,Hectarea,0,,0, ,0,,0,,"7,000",Propio con titulo
400,1,Hectarea,0,,0, ,0,,0,,"25,000",Arrendado
400,5,Hectarea,0.0218,Hectarea,0.0084,Hectareas,0,,0,,"125,000",Propio con titulo
401,1.5,Hectarea,0,,0, ,0,,0,,"30,000",Propio con titulo
402,6.0876,Hectarea,0.005,Hectarea,0.0048,Hectareas,0,,0,,"150,000",Propio con titulo
403,0.2438,Hectarea,0,,0, ,0,,0,,"5,000",Propio con titulo
404,6.0244,Hectarea,0,,0, ,0,,0,,"120,000",Propio con titulo
404,0.0414,Hectarea,0,,0, ,0,,0,,"3,000",Propio con titulo
405,3.4756,Hectarea,0.021,Hectarea,0.006,Hectareas,0,,0,,"40,000",Propio con titulo
406,7,Hectarea,0,,0, ,0,,0,,"1,750,000",Propio con titulo
407,165,Hectarea,0,,0, ,0.05,Hectarea,0,,"9,900,000",Propio con titulo
407,40,Hectarea,0,,0, ,0,,0,,"1,200,000",Propio con titulo
408,18,Hectarea,0,,0, ,0,,0,,"540,000",Propio con titulo
409,65,Hectarea,0,,0.009,Hectareas,0.0025,Hectarea,0,,"650,000",Propio con titulo
410,48,Hectarea,0,,0.0016,Hectareas,0,,0,,"720,000",Propio con titulo
411,0.3,Hectarea,0,,0, ,0,,0,,"8,000",Propio con titulo
412,2.2,Hectarea,0,,0, ,0,,0,,"55,000",Propio con titulo
412,1.2,Hectarea,0,,0, ,0,,0,,"30,000",Propio con titulo
413,0.15,Hectarea,0,,0, ,0,,0,,"10,000",Propio con titulo
414,0.5,Hectarea,0.06,Hectarea,0, ,0,,0,,,Arrendado
414,1,Hectarea,0.06,Hectarea,0, ,0,,0,,,Arrendado
414,0.24,Hectarea,0.039,Hectarea,0, ,0,,0,,"20,000",Propio con titulo
415,15.8,Hectarea,0,,0, ,0,,0,,"316,000",Aparceria (al partir)
415,8,Hectarea,0,,0, ,0,,0,,"160,000",Propio con titulo
415,24,Hectarea,0,,0, ,0,,0,,"480,000",Aparceria (al partir)
416,138.313,Hectarea,0.24,Hectarea,0.06,Hectareas,0.045,Hectarea,0,,"1,735,165",Propio con titulo
417,0.4,Hectarea,0.064,Hectarea,0, ,0,,0.16,Hectarea,"300,000",Propio con titulo
417,8,Hectarea,0,,0, ,0,,0.5,Hectarea,"320,000",Propio con titulo
418,0.4061,Hectarea,0.0015,Hectarea,0, ,0,,0,,"8,000",Propio con titulo
419,35,Hectarea,0,,0, ,0,,0,,"1,225,000",Propio con titulo
420,1,Hectarea,0,,0, ,0,,0,,"30,000",Propio con titulo
421,14,Hectarea,0,,0, ,0,,0,,"100,000",Propio con titulo
422,20,Hectarea,0,,0, ,0,,0,,,Propio con titulo
423,0.4312,Hectarea,0.005,Hectarea,0, ,0,,0,,"40,000",Propio con titulo
424,1.7733,Hectarea,0,,0, ,0,,0,,"80,000",Propio con titulo
424,0.4925,Hectarea,0,,0, ,0,,0,,"25,000",Propio con titulo
424,0.0753,Hectarea,0,,0, ,0,,0,,"20,000",Propio con titulo
424,0.0782,Hectarea,0,,0, ,0,,0,,"15,000",Propio con titulo
424,0.3791,Hectarea,0.15,Hectarea,0, ,0,,0,,"50,000",Propio con titulo
425,0.036,Hectarea,0,,0, ,0,,0,,"20,000",Propio con titulo
425,0.0421,Hectarea,0,,0, ,0,,0,,"20,000",Propio con titulo
425,1,Hectarea,0,,0.01,xxx,0,,0,,"25,000",Propio con titulo
426,0.5,Hectarea,0.012,Hectarea,0, ,0,,0,,"20,000",Arrendado
427,7,Hectarea,0,,0, ,0,,0,,"1,750,000",Propio con titulo
428,7,Hectarea,0,,0, ,0,,0,,"40,000",Propio con titulo
428,0.26,Hectarea,0.0006,Hectarea,0, ,0,,0,,"40,000",Familiar
429,0.2,Hectarea,0.004,Hectarea,0, ,0,,0,,"20,000",Ocupado sin titulo
430,0.1021,Hectarea,0,,0.0115,Hectareas,0,,0,,"8,000",Propio con titulo
430,0.19,Hectarea,0,,0, ,0,,0,,"15,000",Ocupado sin titulo
431,1.5,Hectarea,0,,0, ,0,,0,,"25,000",Familiar
431,6,Hectarea,0,,0, ,0,,0,,"200,000",Propio con titulo
431,1,Hectarea,0,,0, ,0,,0,,"20,000",Familiar
431,6,Hectarea,0,,0, ,0,,0,,"150,000",Familiar
431,1,Hectarea,0,,0, ,0,,0,,"50,000",Propio con titulo
432,0.1,Hectarea,0.0012,Hectarea,0.007,Hectareas,0,,0,,"5,000",Propio con titulo
432,0.061,Hectarea,0,,0, ,0,,0,,"29,000",Propio con titulo
432,0.12,Hectarea,0,,0, ,0,,0,,"3,000",Propio con titulo
433,0.3836,Hectarea,0.3836,Hectarea,0, ,0,,0,,"100,000",Propio con titulo
434,7,Hectarea,0,,0, ,0,,0,,"70,000",Familiar
434,1,Hectarea,0,,0, ,0,,0,,"10,000",Propio con titulo
435,20,Hectarea,0,,0, ,0,,0,,"1,000,000",Propio con titulo
436,6.28,Hectarea,0,,0, ,0,,0,,"200,000",Propio con titulo
436,1,Hectarea,0,,0, ,0,,0,,"150,000",Propio con titulo
436,0.55,Hectarea,0,,0, ,0,,0,,"10,000",Propio con titulo
437,2.4,Hectarea,0.04,Hectarea,0, ,0,,0,,"500,000",Propio con titulo
438,95,Hectarea,0,,0, ,0.0098,Hectarea,0,,"4,000,000",Propio con titulo
439,4,Hectarea,0.5,Hectarea,0.04,Hectareas,0,,0,,"150,000",Propio con titulo
439,0.5,Hectarea,0,,0, ,0,,0,,"40,000",Propio con titulo
440,0.06,Hectarea,0.0016,Hectarea,0, ,0,,0,,"60,000",Propio con titulo
441,0.0604,Hectarea,0,,0, ,0,,0,,"15,000",Propio con titulo
441,0.0901,Hectarea,0.0043,Hectarea,0, ,0,,0,,"20,000",Ocupado sin titulo
442,10,Hectarea,0,,0, ,0,,0,,"150,000",Propio con titulo
443,0.05,Hectarea,0,,0, ,0,,0,,"12,000",Propio con titulo
443,0.8,Hectarea,0,,0, ,0,,0,,"20,000",Propio con titulo
444,4.7033,Hectarea,0,,0, ,0,,0,,"1,175,820",Empleado remunerado
445,1.3226,Hectarea,0,,0, ,0,,0,,"20,000",Propio con titulo
445,2.6007,Hectarea,0,,0, ,0,,0,,"39,500",Propio con titulo
446,1,Hectarea,0,,0, ,0,,0,,"15,000",Familiar
446,0.1814,Hectarea,0,,0.009,Hectareas,0,,0,,"7,000",Propio con titulo
447,17.116,Hectarea,0,,0, ,0,,0,,"3,423,200",Propio con titulo
447,0.3148,Hectarea,0,,0, ,0,,0,,"7,000",Propio con titulo
448,18.3423,Hectarea,0,,0.0009,Hectareas,0,,0,,"100,000",Propio con titulo
449,3.0189,Hectarea,0,,0, ,0,,0,,"105,000",Propio con titulo
450,30.8568,Hectarea,0,,0, ,0,,0,,"462,000",Propio con titulo
450,1.0365,Hectarea,0,,0, ,0,,0,,"80,000",Propio con titulo
451,5.484,Hectarea,0,,0, ,0,,0.36,Hectarea,"300,000",Propio con titulo
451,6.6842,Hectarea,0,,0, ,0,,0,,"233,000",Propio con titulo
451,0.1673,Hectarea,0,,0, ,0,,0,,"5,019",Propio con titulo
452,61.4708,Hectarea,0,,0, ,0.0025,Hectarea,0,,"500,000",Propio con titulo
453,40.3905,Hectarea,0,,0, ,0,,0,,"400,000",Familiar
453,77.4885,Hectarea,0,,0, ,0.0144,Hectarea,0,,"700,000",Familiar
454,2.934,Hectarea,0.08,Hectarea,0.0015,Hectareas,0,,0,,"600,000",Propio con titulo
455,0.0984,Hectarea,0,,0, ,0,,0,,"15,000",Propio con titulo
456,0.24,Hectarea,0,,0, ,0,,0,,"30,000",Propio con titulo
457,0.15,Hectarea,0,,0, ,0,,0,,"20,000",Ocupado sin titulo
457,0.3,Hectarea,0,,0, ,0,,0,,"30,000",Ocupado sin titulo
458,0.1015,Hectarea,0,,0, ,0,,0,,"12,000",Propio con titulo
458,0.1003,Hectarea,0,,0, ,0,,0,,"10,000",Familiar
459,2,Hectarea,0,,0, ,0,,0,,"20,000",Ocupado sin titulo
460,3.46,Hectarea,0.005,Hectarea,0.06,Hectareas,0,,0,,"100,000",Propio con titulo
461,1,Hectarea,0,,0.06,Hectareas,0,,0,,"50,000",Ocupado sin titulo
462,0.26,Hectarea,0.006,Hectarea,0, ,0,,0,,"25,960",Ocupado sin titulo
463,22,Hectarea,0,,0, ,0,,0,,"220,000",Propio con titulo
463,36,Hectarea,0.01,Hectarea,0, ,0.04,Hectarea,0,,"735,000",Propio con titulo
464,7,Hectarea,0.16,Hectarea,0.072,Hectareas,0,,0,,"175,000",Propio con titulo
465,10,Hectarea,0,,0, ,0,,0,,"200,000",Familiar
466,0.5,Hectarea,0,,0, ,0,,0,,"25,000",Propio con titulo
467,8.4695,Hectarea,0,,0, ,0,,0,,"135,512",Propio con titulo
467,56.4495,Hectarea,0.015,Hectarea,0.032,Hectareas,0.03,Hectarea,0,,"903,192",Propio con titulo
468,1.0102,Hectarea,0,,0, ,0,,0,,,Propio con titulo
468,4.3518,Hectarea,0,,0, ,0,,0,,"67,000",Propio con titulo
469,2,Hectarea,0,,0, ,0,,0,,"30,000",Propio con titulo
470,326,Hectarea,0.0025,Hectarea,0, ,0.02,Hectarea,0,,"6,520,000",Familiar
471,13,Hectarea,0,,0, ,0,,0,,"130,000",Propio con titulo
472,3,Hectarea,0,,0, ,0,,0,,"45,000",Propio con titulo
472,0.16,Hectarea,0,,0, ,0,,0,,"2,400",Propio con titulo
472,0.5,Hectarea,0,,0, ,0,,0,,"7,500",Propio con titulo
472,0.5,Hectarea,0,,0, ,0,,0,,"7,500",Propio con titulo
472,3.5,Hectarea,0,,0, ,0,,0,,"52,500",Propio con titulo
473,0.3,Hectarea,0,,0, ,0,,0,,"75,000",Propio con titulo
474,0.5123,Hectarea,0.12,Hectarea,0, ,0,,0,,"200,000",Propio con titulo
475,6.898,Hectarea,0.0012,Hectarea,0.0006,Hectareas,0.1,Hectarea,0,,"240,000",Propio con titulo
475,13.0356,Hectarea,0,,0, ,0,,0,,"520,000",Propio con titulo
475,0.0551,Hectarea,0,,0, ,0,,0,,"20,000",Propio con titulo
476,154,Hectarea,0.006,Hectarea,0.054,Hectareas,0.072,Hectarea,0,,"770,000",Propio con titulo
477,1,Hectarea,0,,0.006,Hectareas,0,,0,,"50,000",Propio con titulo
478,102,Hectarea,0,,0.0072,Hectareas,0.0025,Hectarea,0,,"20,400,000",Propio con titulo
479,0.1,Hectarea,0,,0, ,0,,0,,"3,000",Propio con titulo
479,1,Hectarea,0,,0, ,0,,0,,"30,000",Ocupado sin titulo
480,0.09,Hectarea,0,,0, ,0,,0,,"2,700",Arrendado
481,2,Hectarea,0,,0, ,0,,0,,"60,000",Propio con titulo
482,30,Hectarea,0,,0, ,0,,0,,"900,000",Propio con titulo
483,3,Hectarea,0,,0, ,0,,0,,"90,000",Propio con titulo
483,0.9,Hectarea,0,,0, ,0,,0,,"27,000",Ocupado sin titulo
483,2,Hectarea,0,,0, ,0,,0,,"60,000",Ocupado sin titulo
483,2,Hectarea,0,,0, ,0,,0,,"60,000",Familiar
483,0.5,Hectarea,0,,0, ,0,,0,,"15,000",Familiar
483,3,Hectarea,0,,0, ,0,,0,,"90,000",Familiar
483,3,Hectarea,0,,0, ,0,,0,,"90,000",Familiar
483,3,Hectarea,0,,0, ,0,,0,,"90,000",Familiar
483,3,Hectarea,0,,0, ,0,,0,,"90,000",Ocupado sin titulo
484,2,Hectarea,0.0191,Hectarea,0, ,0,,0,,"150,000",Ocupado sin titulo
484,0.0945,Hectarea,0,,0, ,0,,0,,"12,000",Propio con titulo
484,3.8566,Hectarea,0.13,Hectarea,0, ,0,,0,,"100,000",Propio con titulo
485,0.4794,Hectarea,0,,0, ,0,,0,,"10,000",Propio con titulo
485,18.2482,Hectarea,0,,0, ,0,,0,,"400,000",Propio con titulo
485,21.5991,Hectarea,0,,0, ,0.008,Hectarea,0,,"500,000",Propio con titulo
486,0.5476,Hectarea,0,,0, ,0,,0,,"10,000",Propio con titulo
487,3,Hectarea,0.092,Hectarea,0, ,0,,0,,"1,000,000",Propio con titulo
487,11,Hectarea,0,,0, ,0.09,Hectarea,0,,"200,000",Propio con titulo
488,0.0972,Hectarea,0,,0, ,0,,0,,"2,000",Propio con titulo
489,1,Hectarea,0,,0, ,0,,0,,"30,000",Ocupado sin titulo
489,1.5574,Hectarea,0.045,Hectarea,0, ,0,,0,,"50,000",Propio con titulo
490,10.5,Hectarea,0,,0, ,0,,0,,"157,500",Propio con titulo
491,0.5159,Hectarea,0,,0, ,0,,0,,"10,000",Propio con titulo
491,0.2182,Hectarea,0,,0, ,0,,0,,"8,000",Propio con titulo
492,0.1,Hectarea,0,,0, ,0,,0,,"5,000",Propio con titulo
492,22,Hectarea,0.032,Hectarea,0.0096,Hectareas,0,,0,,"1,100,000",Propio con titulo
493,0.1,Hectarea,0,,0, ,0,,0,,"10,000",Propio con titulo
493,2,Hectarea,0,,0, ,0,,0,,"30,000",Familiar
493,2,Hectarea,0,,0, ,0,,0,,"30,000",Propio con titulo
494,4,Hectarea,0,,0, ,0,,0,,"100,000",Propio con titulo
494,1,Hectarea,0,,0, ,0,,0,,"20,000",Familiar
495,1,Hectarea,0,,0, ,0,,0,,"15,000",Arrendado
495,1,Hectarea,0,,0, ,0,,0,,"15,000",Propio con titulo
495,1,Hectarea,0,,0, ,0,,0,,"15,000",Arrendado
496,3.1781,Hectarea,0,,0, ,0,,0,,"31,000",Propio con titulo
496,4.2151,Hectarea,0,,0, ,0,,0,,"42,000",Propio con titulo
496,16.4553,Hectarea,0,,0, ,0,,0,,"164,000",Propio con titulo
496,24.0367,Hectarea,0,,0, ,0,,0,,"240,000",Propio con titulo
496,45.276,Hectarea,0,,0, ,0.004,Hectarea,0,,"452,000",Propio con titulo
496,44.896,Hectarea,0,,0, ,0,,0,,"448,000",Propio con titulo
497,56.1856,Hectarea,0,,0.0015,Hectareas,0,,0.1,Hectarea,"112,000",Propio con titulo
498,5.3226,Hectarea,0,,0.0048,Hectareas,0,,0,,"100,000",Propio con titulo
498,0.1,Hectarea,0,,0, ,0,,0,,"5,000",Propio con titulo
499,0.17,Hectarea,0,,0, ,0,,0.0965,Hectarea,"5,000",Propio con titulo
500,10.2636,Hectarea,0.0064,Hectarea,0, ,0,,0,,"150,000",Propio con titulo
501,0.5,Hectarea,0,,0, ,0,,0,,"15,000",Propio con titulo
502,1.129,Hectarea,0.0018,Hectarea,0, ,0,,0,,"80,000",Propio con titulo
503,2.0655,Hectarea,0,,0, ,0,,0,,"40,000",Propio con titulo
504,1,Hectarea,0,,0, ,0,,0.1,Hectarea,"50,000",Propio con titulo
504,1,Hectarea,0,,0, ,0,,0,,"25,000",Propio con titulo
505,1,Hectarea,0,,0, ,0,,0,,"50,000",Propio con titulo
506,0.1584,Hectarea,0,,0, ,0,,0,,"6,000",Propio con titulo
507,0.1298,Hectarea,0,,0, ,0,,0,,"6,000",Propio con titulo
508,0.0305,Hectarea,0,,0, ,0,,0,,"3,000",Propio con titulo
508,1.5509,Hectarea,0,,0, ,0,,0.07,Hectarea,"22,500",Propio con titulo
508,0.05,Hectarea,0,,0, ,0,,0,,"5,000",Propio con titulo
509,0.44,Hectarea,0.0015,Hectarea,0, ,0,,0,,"5,000",Propio con titulo
510,67.4137,Hectarea,0,,0, ,0.0072,Hectarea,0,,"1,011,203",Propio con titulo
510,37.8831,Hectarea,0,,0, ,0.0072,Hectarea,0,,"568,300",Propio con titulo
511,0.25,Hectarea,0.0005,Hectarea,0.0006,Hectareas,0,,0,,"5,000",Propio con titulo
512,1.8,Hectarea,0.0001,Hectarea,0, ,0,,0,,"30,000",Propio con titulo
513,1,Hectarea,0,,0, ,0,,0,,"20,000",Familiar
513,1,Hectarea,0,,0, ,0,,0,,"20,000",Familiar
514,5,Hectarea,0,,0, ,0,,0,,"50,000",Ocupado sin titulo
514,2,Hectarea,0,,0.097,Hectareas,0,,0,,"220,000",Propio con titulo
514,5,Hectarea,0,,0, ,0,,0,,"50,000",Ocupado sin titulo
514,5,Hectarea,0,,0, ,0,,0,,"50,000",Ocupado sin titulo
515,4,Hectarea,0,,0, ,0,,0,,"20,000",Propio con titulo
516,25,Hectarea,0,,0, ,0,,0,,"220,000",Propio con titulo
516,0.496,Hectarea,0,,0, ,0,,0,,"8,000",Propio con titulo
516,43,Hectarea,0,,0, ,0.01,Hectarea,0,,"600,000",Propio con titulo
517,0.96,Hectarea,0.03,Hectarea,0, ,0,,0,,"30,000",Propio con titulo
518,38.7742,Hectarea,0.005,Hectarea,0, ,0.012,Hectarea,0,,"581,613",Propio con titulo
519,0.5,Hectarea,0,,0, ,0,,0,,"10,000",Propio con titulo
520,4,Hectarea,0.0625,Hectarea,0.002,Hectareas,0,,0,,"40,000",Propio con titulo
521,0.92,Hectarea,0,,0, ,0,,0,,"18,000",Propio con titulo
521,0.26,Hectarea,0,,0, ,0,,0,,"25,000",Propio con titulo
521,0.63,Hectarea,0,,0, ,0,,0,,"50,000",Propio con titulo
522,2,Hectarea,0,,0, ,0,,0,,"20,000",Propio con titulo
522,0.5,Hectarea,0,,0, ,0,,0,,"15,000",Propio con titulo
522,1,Hectarea,0,,0, ,0,,0,,"20,000",Propio con titulo
522,0.2,Hectarea,0,,0, ,0,,0.2,Hectarea,"40,000",Arrendado
523,0.045,Hectarea,0,,0, ,0,,0,,"1,000",Propio con titulo
524,0.1,Hectarea,0.09,Hectarea,0, ,0,,0,,"10,000",Propio con titulo
525,1.04,Hectarea,0,,0, ,0,,0,,"20,000",Propio con titulo
526,12,Hectarea,0,,0.0024,Hectareas,0,,0,,"165,000",Propio con titulo
527,34.4,Hectarea,0,,0, ,0,,0,,"396,000",Propio con titulo
528,5,Hectarea,0,,0, ,0,,0,,"100,000",Propio con titulo
529,4,Hectarea,0,,0, ,0,,0,,"30,000",Propio con titulo
530,6,Hectarea,0,,0, ,0,,0,,"60,000",Propio con titulo
530,1,Hectarea,0,,0, ,0,,0,,"10,000",Propio con titulo
531,8,Hectarea,0,,0, ,0,,0,,"80,000",Propio con titulo
531,2.7,Hectarea,0,,0, ,0,,0,,"20,000",Propio con titulo
532,13,Hectarea,0,,0, ,0,,0,,"260,000",Propio con titulo
533,228,Hectarea,0.02,Hectarea,0.017,Hectareas,0,,0,,"3,420,000",Propio con titulo
534,38,Hectarea,0,,0, ,0,,0,,"380,000",Propio con titulo
535,0.15,Hectarea,0,,0, ,0,,0,,"20,000",Propio con titulo
536,1,Hectarea,0,,0, ,0,,0,,"20,000",Propio con titulo
537,10,Hectarea,0,,0, ,0,,0,,"80,000",Propio con titulo
537,17,Hectarea,0,,0, ,0,,0,,"119,000",Propio con titulo
538,3.815,Hectarea,0,,0.0105,Hectareas,0,,0,,"80,000",Propio con titulo
538,0.045,Hectarea,0,,0, ,0,,0,,"7,000",Propio con titulo
539,6,Hectarea,0,,0, ,0,,0,,"400,000",Propio con titulo
539,1.8,Hectarea,0,,0, ,0,,0,,"100,000",Propio con titulo
540,4,Hectarea,0,,0, ,0,,0,,"60,000",Propio con titulo
540,0.2287,Hectarea,0,,0, ,0,,0,,"10,000",Propio con titulo
540,2,Hectarea,0,,0, ,0,,0,,"500,000",Propio con titulo
541,98,Hectarea,0.03,Hectarea,0, ,0,,0,,"1,470,000",Propio con titulo
542,13,Hectarea,0,,0.0018,Hectareas,0.018,Hectarea,0,,"260,000",Propio con titulo
542,40,Hectarea,0,,0, ,0,,0,,"800,000",Propio con titulo
543,55,Hectarea,0,,0, ,0.024,Hectarea,0,,"660,000",Propio con titulo
543,0.09,Hectarea,0,,0, ,0,,0,,"5,000",Propio con titulo
543,32.5041,Hectarea,0,,0, ,0,,0,,"384,000",Propio con titulo
543,10,Hectarea,0,,0, ,0,,0,,"120,000",Familiar
543,6.2024,Hectarea,0,,0, ,0,,0,,"72,000",Propio con titulo
543,0.09,Hectarea,0,,0, ,0,,0,,"5,000",Propio con titulo
543,1,Hectarea,0,,0, ,0,,0,,"12,000",Propio con titulo
543,4,Hectarea,0,,0, ,0,,0,,"48,000",Propio con titulo
544,0.7,Hectarea,0,,0, ,0,,0,,"15,000",Familiar
545,0.25,Hectarea,0.015,Hectarea,0, ,0,,0,,"60,000",Propio con titulo
546,66,Hectarea,0,,0, ,0.01,Hectarea,0,,"1,800,000",Propio con titulo
547,3.3881,Hectarea,0,,0.0018,Hectareas,0,,0,,"50,821",Propio con titulo
547,0.2814,Hectarea,0,,0, ,0,,0,,"4,000",Familiar
548,16.4392,Hectarea,0,,0.004,Hectareas,0,,0,,"164,392",Propio con titulo
548,1.5,Hectarea,0.002,Hectarea,0.0056,Hectareas,0,,0,,"80,000",Propio con titulo
549,1.6164,Hectarea,0.03,Hectarea,0, ,0,,0,,"16,164",Familiar
550,5.0915,Hectarea,0,,0, ,0,,0,,"15,000",Propio con titulo
550,26.8563,Hectarea,0,,0, ,0,,0,,"600,000",Propio con titulo
551,32,Hectarea,0,,0, ,0,,0,,"300,000",Propio con titulo
552,78,Hectarea,0,,0, ,0,,0,,"780,000",Arrendado
553,86,Hectarea,0,,0, ,0.0016,Hectarea,0,,"860,000",Propio con titulo
554,0.2997,Hectarea,0,,0, ,0,,0,,"2,997",Propio con titulo
554,2.5155,Hectarea,0,,0, ,0,,0,,"25,155",Propio con titulo
554,3.894,Hectarea,0,,0, ,0,,0,,"31,152",Propio con titulo
554,35.9899,Hectarea,0,,0, ,0,,0,,"200,000",Propio con titulo
555,5.7266,Hectarea,0,,0, ,0,,0,,"60,000",Propio con titulo
555,4.714,Hectarea,0,,0, ,0,,0,,"70,710",Propio con titulo
555,0.1086,Hectarea,0,,0, ,0,,0,,"1,029",Propio con titulo
555,1.0922,Hectarea,0,,0, ,0,,0,,"15,000",Propio con titulo
556,18.0137,Hectarea,0,,0, ,0,,0,,"540,411",Propio con titulo
557,30,Hectarea,0.12,Hectarea,0.004,Hectareas,0.03,Hectarea,0,,"350,000",Propio con titulo
558,1,Hectarea,0,,0, ,0,,0,,"15,000",Propio con titulo
559,1,Hectarea,0,,0, ,0,,0,,"25,000",Propio con titulo
560,18,Hectarea,0,,0.25,Hectareas,0,,0,,"360,000",Propio con titulo
561,2,Hectarea,0,,0, ,0,,0,,"20,000",Propio con titulo
562,195.4924,Hectarea,0,,0, ,0,,0.0036,Hectarea,"3,909,848",Propio con titulo
563,0.1834,Hectarea,0.016,Hectarea,0, ,0,,0,,"5,000",Propio con titulo
564,35.8454,Hectarea,0.0012,Hectarea,0.006,Hectareas,0.09,Hectarea,0,,"716,908",Propio con titulo
565,40,Hectarea,0,,0, ,0,,0,,"800,000",Familiar
566,2,Hectarea,0,,0, ,0,,0,,"50,000",Ocupado sin titulo
566,77.5,Hectarea,0,,0.01,Hectareas,0.05,Hectarea,0,,"2,000,000",Propio con titulo
566,1,Hectarea,0,,0, ,0,,0,,"20,000",Propio con titulo
566,5,Hectarea,0,,0, ,0,,0,,"100,000",Familiar
566,1,Hectarea,0,,0, ,0,,0,,"30,000",Familiar
566,2,Hectarea,0,,0, ,0,,0,,"50,000",Familiar
566,2,Hectarea,0,,0, ,0,,0,,"50,000",Familiar
567,0.0335,Hectarea,0,,0, ,0,,0,,"1,000",Propio con titulo
567,0.1068,Hectarea,0,,0, ,0,,0,,"10,000",Propio con titulo
567,0.366,Hectarea,0,,0, ,0,,0,,"40,000",Propio con titulo
567,2.6535,Hectarea,0,,0, ,0,,0,,"50,000",Propio con titulo
567,1.0555,Hectarea,0,,0, ,0,,0,,"3,000",Propio con titulo
567,1.0593,Hectarea,0,,0, ,0,,0,,"15,000",Propio con titulo
568,230.3493,Hectarea,0,,0.003,Hectareas,0.1,Hectarea,0,,"3,455,239",Empleado remunerado
569,50,Hectarea,0,,0, ,0.0024,Hectarea,0,,"500,000",Propio con titulo
569,19.0918,Hectarea,0,,0.0018,Hectareas,0.0096,Hectarea,0,,"300,000",Propio con titulo
570,28,Hectarea,0,,0, ,0,,0,,"560,000",Propio con titulo
570,100,Hectarea,0,,0.045,Hectareas,0,,0,,"200,000",Propio con titulo
571,38.1819,Hectarea,0,,0, ,0,,0,,"580,000",Empleado remunerado
571,3,Hectarea,0,,0, ,0,,0,,"45,000",Empleado remunerado
572,63.0385,Hectarea,0,,0, ,0.0048,Hectarea,0,,"1,575,962",Propio con titulo
573,7.2636,Hectarea,0.0015,Hectarea,0, ,0,,0,,"108,954",Propio con titulo
574,126,Hectarea,0,,1,Hectareas,0,,0,,"1,890,000",Propio con titulo
575,0.4,Hectarea,0.0032,Hectarea,0, ,0,,0,,"5,000",Propio con titulo
576,1,Hectarea,0,,0, ,0,,0,,"30,000",Familiar
577,28,Hectarea,0,,0, ,0.25,Hectarea,0,,"75,000",Familiar
578,5,Hectarea,0,,0, ,0,,0,,"50,000",Propio con titulo
579,6,Hectarea,0,,0, ,0,,0,,"60,000",Arrendado
580,4.68,Hectarea,0,,0, ,0,,0,,"180,000",Propio con titulo
581,1.5,Hectarea,0,,0, ,0,,0,,"20,000",Propio con titulo
581,0.06,Hectarea,0,,0, ,0,,0,,"3,000",Propio con titulo
582,61.8249,Hectarea,0.0045,Hectarea,0, ,0.012,Hectarea,0,,"1,296,498",Propio con titulo
583,48.5981,Hectarea,0,,0, ,0.008,Hectarea,0,,"971,962",Empleado remunerado
584,1,Hectarea,0,,0, ,0,,0,,"20,000",Propio con titulo
584,0.056,Hectarea,0,,0, ,0,,0,,"5,000",Propio con titulo
584,1.9068,Hectarea,0,,0, ,0,,0,,"30,000",Propio con titulo
585,86,Hectarea,0,,0.19,Hectareas,0.045,Hectarea,0,,"3,010,000",Propio con titulo
586,16,Hectarea,0,,0, ,0,,0,,"450,000",Propio con titulo
587,63,Hectarea,0,,0, ,0,,0,,"1,890,000",Propio con titulo
588,0.26,Hectarea,0,,0, ,0,,0,,"15,000",Propio con titulo
588,1.57,Hectarea,0,,0, ,0,,0,,"15,000",Propio con titulo
588,56,Hectarea,0,,0, ,0.015,Hectarea,0,,"1,120,000",Propio con titulo
589,89,Hectarea,0,,0.0024,Hectareas,0.0036,Hectarea,0,,"1,780,000",Propio con titulo
590,8,Hectarea,0,,0, ,0,,0,,"120,000",Propio con titulo
591,17,Hectarea,0,,0, ,0,,0,,"340,000",Familiar
591,17,Hectarea,0,,0, ,0,,0,,"340,000",Familiar
591,17,Hectarea,0,,0, ,0,,0,,"340,000",Familiar
591,17,Hectarea,0,,0, ,0,,0,,"340,000",Familiar
591,17,Hectarea,0,,0, ,0,,0,,"340,000",Propio con titulo
591,24,Hectarea,0,,0, ,0,,0,,"340,000",Familiar
592,10,Hectarea,0,,0, ,0,,0,,"100,000",Propio con titulo
592,1.28,Hectarea,0,,0, ,0,,0,,"10,000",Familiar
592,1.41,Hectarea,0,,0, ,0,,0,,"10,000",Familiar
592,0.43,Hectarea,0,,0, ,0,,0,,"5,000",Familiar
592,2.49,Hectarea,0,,0, ,0,,0,,"20,000",Familiar
592,0.37,Hectarea,0,,0, ,0,,0,,"5,000",Familiar
593,0.32,Hectarea,0,,0, ,0,,0,,"5,000",Propio con titulo
594,1,Hectarea,0,,0, ,0,,0,,"8,000",Familiar
594,49.7,Hectarea,0,,0, ,0.015,Hectarea,0,,"392,000",Propio con titulo
595,5,Hectarea,0,,0, ,0,,0,,"50,000",Propio con titulo
595,0.09,Hectarea,0,,0, ,0,,0,,"5,000",Propio con titulo
595,1,Hectarea,0,,0, ,0,,0,,"10,000",Propio con titulo
596,0.09,Hectarea,0,,0, ,0,,0,,"10,000",Propio con titulo
596,60,Hectarea,0,,0.25,Hectareas,0.0162,Hectarea,0,,"420,000",Propio con titulo
597,34.7,Hectarea,0,,0, ,0,,0,,"510,000",Aparceria (al partir)
597,0.09,Hectarea,0,,0, ,0,,0,,"9,000",Propio con titulo
598,1,Hectarea,0,,0, ,0,,0,,"20,000",Ocupado sin titulo
599,5,Hectarea,0,,0, ,0,,0,,"100,000",Propio con titulo
600,2,Hectarea,0,,0, ,0,,0,,"30,000",Propio con titulo
600,12,Hectarea,0,,0, ,0,,0,,"180,000",Propio con titulo
601,5,Hectarea,0.02,Hectarea,0, ,0,,0,,"80,000",Propio con titulo
601,3,Hectarea,0.065,Hectarea,0, ,0,,0,,"50,000",Propio con titulo
602,26,Hectarea,0,,0, ,0,,0,,"390,000",Propio con titulo
602,135,Hectarea,0,,0, ,0,,0,,"2,700,000",Propio con titulo
602,45,Hectarea,0,,0, ,0,,0,,"900,000",Propio con titulo
602,148,Hectarea,0,,0, ,0.135,Hectarea,0,,"2,960,000",Propio con titulo
603,15,Hectarea,0,,0, ,0,,0,,"150,000",Propio con titulo
604,75,Hectarea,0,,0, ,0.005,Hectarea,0,,"1,125,000",Propio con titulo
605,48,Hectarea,0,,0, ,0,,0,,"480,000",Propio con titulo
606,248.87,Hectarea,0,,0, ,0,,0,,"4,977,000",Propio con titulo
607,31,Hectarea,0.0056,Hectarea,0.002,Hectareas,0,,0,,"510,000",Propio con titulo
608,42,Hectarea,0,,0, ,0,,0,,"630,000",Propio con titulo
609,77,Hectarea,0,,0, ,0.045,Hectarea,0,,"2,310,000",Propio con titulo
610,216.7,Hectarea,0,,0, ,0.05,Hectarea,0,,"2,167,000",Propio con titulo
611,12,Hectarea,0,,0, ,0,,0,,"120,000",Propio con titulo
612,63.8222,Hectarea,0,,0.028,Hectareas,0.04,Hectarea,0,,"1,000,000",Propio con titulo
613,0.26,Hectarea,0,,0, ,0,,0,,"10,000",Propio con titulo
614,11.6,Hectarea,0,,0, ,0,,0,,"220,000",Propio con titulo
615,3.9238,Hectarea,0,,0, ,0,,0,,"60,000",Propio con titulo
615,9,Hectarea,0.0225,Hectarea,0, ,0,,0,,"180,000",Propio con titulo
615,4.0115,Hectarea,0,,0, ,0,,0,,"80,000",Propio con titulo
616,3,Hectarea,0.1,Hectarea,0, ,0,,0,,"60,000",Propio con titulo
616,3,Hectarea,0.1,Hectarea,0, ,0,,0,,"60,000",Propio con titulo
617,1,Hectarea,0,,0, ,0,,0,,"114,000",Propio con titulo
618,2.9935,Hectarea,0,,0, ,0,,0,,"100,000",Propio con titulo
619,8.6794,Hectarea,0,,0, ,0,,0,,"40,000",Propio con titulo
619,2.1537,Hectarea,0,,0, ,0,,0,,"17,000",Propio con titulo
620,8.5654,Hectarea,0,,0, ,0,,0.0098,Hectarea,"60,000",Propio con titulo
621,2.6771,Hectarea,0.018,Hectarea,0, ,0,,0,,"40,000",Propio con titulo
621,3.3921,Hectarea,0,,0, ,0,,0,,"60,000",Propio con titulo
622,4.953,Hectarea,0.045,Hectarea,0, ,0,,0.0192,Hectarea,"23,000",Propio con titulo
622,4.7205,Hectarea,0,,0, ,0,,0,,"27,000",Propio con titulo
623,4.0222,Hectarea,0,,0, ,0,,0,,"10,000",Propio con titulo
623,3.9589,Hectarea,0,,0, ,0,,0,,"10,000",Propio con titulo
623,7.7945,Hectarea,0,,0, ,0,,0,,"20,000",Propio con titulo
623,8.2651,Hectarea,0,,0, ,0,,0,,"15,000",Propio con titulo
623,41.2552,Hectarea,0,,0, ,0,,0,,"80,000",Propio con titulo
624,7.4996,Hectarea,0,,0, ,0,,0,,"30,000",Propio con titulo
625,11.3,Hectarea,0,,0, ,0,,0,,"50,000",Ocupado sin titulo
625,4.6269,Hectarea,0,,0.0375,Hectareas,0,,0,,"20,000",Ocupado sin titulo
625,3.7833,Hectarea,0,,0, ,0,,0,,"15,000",Ocupado sin titulo
625,20.2117,Hectarea,0,,0, ,0,,0,,"100,000",Propio con titulo
625,28.2927,Hectarea,0,,0, ,0,,0,,"140,000",Ocupado sin titulo
625,5.3923,Hectarea,0,,0, ,0,,0,,"25,000",Ocupado sin titulo
626,16.0343,Hectarea,0,,0, ,0,,0,,"60,000",Propio con titulo
626,21.0235,Hectarea,0,,0, ,0,,0,,"90,000",Propio con titulo
626,5.0203,Hectarea,0,,0, ,0,,0,,"10,000",Propio con titulo
626,1.8818,Hectarea,0,,0, ,0,,0,,"10,000",Propio con titulo
626,2.0616,Hectarea,0,,0, ,0,,0,,"40,000",Propio con titulo
627,0.7044,Hectarea,0,,0, ,0,,0,,"100,000",Propio con titulo
627,8.4646,Hectarea,0,,0, ,0,,0,,"80,000",Propio con titulo
627,20.5721,Hectarea,0,,0, ,0.16,Hectarea,0,,"200,000",Propio con titulo
628,16.512,Hectarea,0,,0, ,0,,0,,"60,000",Propio con titulo
628,0.2984,Hectarea,0,,0, ,0,,0,,,Propio con titulo
629,0.2033,Hectarea,0,,0, ,0,,0,,"30,000",Propio con titulo
629,3.1966,Hectarea,0,,0, ,0,,0,,"15,000",Propio con titulo
629,1.5699,Hectarea,0,,0, ,0,,0,,"10,000",Propio con titulo
630,23.756,Hectarea,0,,0, ,0,,0,,"150,000",Propio con titulo
631,11.38,Hectarea,0,,0, ,0,,0,,"30,000",Propio con titulo
632,0.6869,Hectarea,0,,0, ,0,,0,,,Propio con titulo
632,9.8326,Hectarea,0,,0, ,0,,0,,"30,000",Propio con titulo
632,8.214,Hectarea,0,,0, ,0,,0,,"30,000",Propio con titulo
632,66.9497,Hectarea,0,,0, ,0,,0,,"300,000",Propio con titulo
633,25.0718,Hectarea,0,,0, ,0.0016,Hectarea,0,,"450,000",Propio con titulo
634,30.4402,Hectarea,0,,0, ,0,,0,,"150,000",Propio con titulo
634,49.4878,Hectarea,0,,0, ,0,,0,,"200,000",Propio con titulo
635,104.2918,Hectarea,0,,0, ,0,,0,,"400,000",Empleado remunerado
635,14.7442,Hectarea,0,,0, ,0,,0,,"80,000",Propio con titulo
636,27.3595,Hectarea,0,,0, ,0,,0,,"100,000",Propio con titulo
636,54.1358,Hectarea,0,,0, ,0,,0,,"200,000",Propio con titulo
637,4,Hectarea,0,,0, ,0,,0,,,Propio con titulo
637,16.6125,Hectarea,0,,0, ,0,,0,,"50,000",Propio con titulo
638,3.8211,Hectarea,0,,0, ,0,,0,,"20,000",Ocupado sin titulo
639,1.5,Hectarea,0,,0, ,0,,0,,,Arrendado
640,6.5141,Hectarea,0,,0, ,0,,0,,"30,000",Propio con titulo
640,16.7903,Hectarea,0,,0, ,0,,0,,"70,000",Propio con titulo
641,25.2436,Hectarea,0,,0, ,0,,0,,"80,000",Propio con titulo
641,11.3,Hectarea,0,,0, ,0,,0,,"30,000",Ocupado sin titulo
641,11.3,Hectarea,0,,0, ,0,,0,,"30,000",Ocupado sin titulo
642,3,Hectarea,0,,0, ,0,,0,,"20,000",Propio con titulo
642,3.9466,Hectarea,0,,0, ,0,,0,,"20,000",Propio con titulo
642,1.0477,Hectarea,0,,0, ,0,,0,,"10,000",Propio con titulo
642,3.7933,Hectarea,0,,0, ,0,,0,,"20,000",Propio con titulo
642,10.0719,Hectarea,0,,0, ,0,,0,,"50,000",Propio con titulo
642,3.7933,Hectarea,0,,0, ,0,,0,,"20,000",Propio con titulo
642,32.0704,Hectarea,0,,0, ,0,,0,,"150,000",Propio con titulo
643,7.332,Hectarea,0,,0, ,0,,0,,"40,000",Ocupado sin titulo
644,6.7504,Hectarea,0,,0, ,0,,0,,"400,000",Propio con titulo
644,47.8106,Hectarea,0,,0, ,0,,0,,"300,000",Propio con titulo
645,27.0458,Hectarea,0,,0, ,0,,0,,"200,000",Propio con titulo
646,7.0373,Hectarea,0,,0, ,0,,0,,"40,000",Ocupado sin titulo
647,5.1762,Hectarea,0,,0, ,0,,0,,"30,000",Ocupado sin titulo
648,2.449,Hectarea,0,,0, ,0,,0,,"50,000",Ocupado sin titulo
648,0.7468,Hectarea,0,,0, ,0,,0,,"10,000",Ocupado sin titulo
649,2.3284,Hectarea,0,,0, ,0,,0,,"100,000",Ocupado sin titulo
650,8.2098,Hectarea,0,,0, ,0,,0,,"50,000",Propio con titulo
650,4.0665,Hectarea,0,,0, ,0,,0,,"100,000",Empleado remunerado
651,1.9702,Hectarea,0,,0, ,0,,0,,"10,000",Propio con titulo
652,28.0253,Hectarea,0,,0, ,0,,0,,"100,000",Propio con titulo
653,20.9675,Hectarea,0,,0, ,0,,0,,"70,000",Propio con titulo
653,2.3496,Hectarea,0,,0, ,0,,0,,"10,000",Ocupado sin titulo
653,2.4162,Hectarea,0,,0, ,0,,0,,"10,000",Propio con titulo
654,161.6779,Hectarea,0,,0, ,0,,0,,"350,000",Ocupado sin titulo
655,2,Hectarea,0,,0, ,0,,0,,"15,000",Ocupado sin titulo
656,22.9206,Hectarea,0,,0, ,0,,0,,"60,000",Propio con titulo
656,35.8543,Hectarea,0,,0, ,0,,0,,"40,000",Propio con titulo
657,3.9874,Hectarea,0,,0, ,0,,0,,"30,000",Propio con titulo
658,41.1174,Hectarea,0,,0, ,0,,0,,"160,000",Ocupado sin titulo
658,5,Hectarea,0,,0, ,0,,0,,"19,400",Familiar
658,5,Hectarea,0,,0, ,0,,0,,"19,400",Familiar
658,5,Hectarea,0,,0, ,0,,0,,"19,400",Familiar
658,5,Hectarea,0,,0, ,0,,0,,"19,400",Familiar
658,0.75,Hectarea,0,,0, ,0,,0,,"2,920",Familiar
659,0.69,Hectarea,0,,0, ,0,,0,,"2,442",Familiar
659,11.3,Hectarea,0,,0, ,0,,0,,"40,000",Ocupado sin titulo
659,11.3,Hectarea,0,,0, ,0,,0,,"40,000",Familiar
659,11.3,Hectarea,0,,0, ,0,,0,,"40,000",Familiar
660,0.5809,Hectarea,0,,0, ,0,,0,,"100,000",Propio con titulo
660,4.0852,Hectarea,0,,0, ,0,,0,,"15,000",Propio con titulo
660,36.4374,Hectarea,0,,0, ,0,,0,,"185,000",Arrendado
660,10.5738,Hectarea,0,,0, ,0.25,Hectarea,0,,"120,000",Propio con titulo
660,1.0599,Hectarea,0,,0, ,0,,0,,"20,000",Propio con titulo
661,6.4856,Hectarea,0,,0, ,0,,0,,"50,000",Propio con titulo
662,1,Hectarea,0,,0, ,0,,0,,"2,500",Empleado remunerado
662,2.8844,Hectarea,0,,0, ,0,,0,,"7,000",Propio con titulo
663,3.162,Hectarea,0,,0, ,0,,0,,"50,000",Propio con titulo
663,53.1498,Hectarea,0,,0, ,0,,0,,"150,000",Propio con titulo
664,0.06,Hectarea,0,,0, ,0,,0,,,Propio con titulo
665,1.5222,Hectarea,0,,0, ,0,,0,,,Propio con titulo
665,4.4759,Hectarea,0,,0, ,0,,0,,,Propio con titulo
665,3.9461,Hectarea,0,,0, ,0,,0,,,Propio con titulo
666,0.0733,Hectarea,0,,0, ,0,,0,,,Propio con titulo
666,24.3999,Hectarea,0,,0, ,0,,0,,,Familiar
666,5.9202,Hectarea,0,,0, ,0,,0,,,Familiar
666,0.0427,Hectarea,0,,0, ,0,,0,,,Familiar
666,0.086,Hectarea,0,,0, ,0,,0,,,Familiar
666,0.0346,Hectarea,0,,0, ,0,,0,,,Familiar
666,0.0536,Hectarea,0,,0, ,0,,0,,,Familiar
667,2.6612,Hectarea,0,,0, ,0,,0,,"30,000",Propio con titulo
668,2,Hectarea,0,,0, ,0,,0,,"15,000",Ocupado sin titulo
668,4,Hectarea,0,,0, ,0,,0,,"20,000",Propio con titulo
669,4.65,Hectarea,0,,0, ,0,,0,,,Propio con titulo
669,3.7383,Hectarea,0,,0, ,0,,0,,,Propio con titulo
670,0.9762,Hectarea,0,,0, ,0,,0,,,Empleado remunerado
670,3.188,Hectarea,0,,0, ,0,,0,,,Empleado remunerado
670,9.1824,Hectarea,0,,0, ,0,,0,,,Empleado remunerado
670,2.01,Hectarea,0,,0, ,0,,0,,,Empleado remunerado
670,0.2114,Hectarea,0,,0, ,0,,0,,,Empleado remunerado
671,4.7208,Hectarea,0,,0, ,0,,0,,"40,000",Propio con titulo
671,6.4688,Hectarea,0,,0, ,0,,0,,"80,000",Propio con titulo
672,1.5094,Hectarea,0,,0, ,0,,0,,"50,000",Ocupado sin titulo
672,68.1871,Hectarea,0,,0, ,0.0506,Hectarea,0,,"200,000",Propio con titulo
673,1.0256,Hectarea,0,,0, ,0,,0,,"25,000",Propio con titulo
673,21.0797,Hectarea,0,,0, ,0,,0,,"50,000",Propio con titulo
674,1.8677,Hectarea,0,,0.0002,Hectareas,0,,0,,"50,000",Propio con titulo
674,4.8981,Hectarea,0,,0, ,0,,0,,"50,000",Familiar
675,3.185,Hectarea,0,,0, ,0,,0,,"20,000",Propio con titulo
676,2.5511,Hectarea,0,,0, ,0,,0,,,Propio con titulo
676,3.5,Hectarea,0,,0, ,0,,0,,,Propio con titulo
677,4.5648,Hectarea,0,,0, ,0,,0,,,Aparceria (al partir)
678,8.2957,Hectarea,0,,0, ,0,,0,,"20,000",Propio con titulo
679,44.8967,Hectarea,0,,0, ,0,,0,,,Empleado remunerado
679,35.9801,Hectarea,0.01925,Hectarea,0, ,0,,0.028,Hectarea,,Empleado remunerado
680,65.5743,Hectarea,0,,0, ,0,,0,,"131,148",Ocupado sin titulo
680,70.1867,Hectarea,0,,0.002,Hectareas,0.09,Hectarea,0,,"140,372",Ocupado sin titulo
681,0.9627,Hectarea,0,,0.3,Hectareas,0,,0,,"50,000",Propio con titulo
682,1.9324,Hectarea,0,,0, ,0,,0,,,Propio con titulo
682,16.2297,Hectarea,0,,0, ,0,,0,,"360,000",Propio con titulo
683,2.2761,Hectarea,0,,0, ,0,,0,,"30,000",Propio con titulo
683,2.3357,Hectarea,0,,0, ,0,,0,,"30,000",Propio con titulo
684,1,Hectarea,0,,0, ,0,,0.02,Hectarea,"20,000",Ocupado sin titulo
685,3.1891,Hectarea,0,,0, ,0,,0,,"100,000",Propio con titulo
686,1.6939,Hectarea,0,,0, ,0,,0,,"50,000",Ocupado sin titulo
687,0.343,Hectarea,0,,0, ,0,,0,,"20,000",Propio con titulo
687,3.019,Hectarea,0,,0, ,0,,0,,"15,000",Propio con titulo
688,1.0112,Hectarea,0,,0, ,0,,0,,"20,000",Propio con titulo
688,61.5524,Hectarea,0,,0, ,0,,0,,"180,000",Propio con titulo
689,4.9534,Hectarea,0,,0.0027,Hectareas,0.0144,Hectarea,0,,"50,000",Propio con titulo
689,64.8586,Hectarea,0,,0, ,0,,0,,"200,000",Propio con titulo
690,1.4215,Hectarea,0,,0, ,0,,0,,"32,000",Propio con titulo
691,3.712,Hectarea,0,,0.0015,Hectareas,0,,0.054,Hectarea,,Empleado remunerado
692,1.8645,Hectarea,0,,0, ,0,,0,,"40,000",Propio con titulo
693,23.5398,Hectarea,0,,0, ,0,,0,,,Propio con titulo
694,2,Hectarea,0,,0, ,0,,0,,,Arrendado
694,7.7654,Hectarea,0,,0, ,0,,0,,"300,000",Propio con titulo
694,1,Hectarea,0,,0, ,0,,0,,,Arrendado
695,7.8073,Hectarea,0,,0, ,0,,0,,,Propio con titulo
695,2.4606,Hectarea,0,,0, ,0,,0,,,Propio con titulo
696,55.8818,Hectarea,0,,0, ,0,,0,,,Familiar
697,1.7,Hectarea,0,,0, ,0,,0,,,Familiar
697,3.648,Hectarea,0,,0, ,0,,0,,,Propio con titulo
697,2,Hectarea,0,,0, ,0,,0,,,Propio con titulo
698,2.7344,Hectarea,0,,0, ,0,,0,,"50,000",Propio con titulo
699,2.732,Hectarea,0,,0, ,0,,0,,,Propio con titulo
700,26.7074,Hectarea,0,,0, ,0,,0,,,Propio con titulo
701,13.5,Hectarea,0,,0, ,0,,0,,"50,000",Propio con titulo
702,12.697,Hectarea,0,,0, ,0,,0,,,Propio con titulo
702,28.1226,Hectarea,0,,0, ,0,,0,,,Propio con titulo
703,25,Hectarea,0,,0, ,0,,0,,"5,000,000",Propio con titulo
704,80,Hectarea,0,,0, ,0,,0,,"2,400,000",Propio con titulo
704,18,Hectarea,0,,0, ,0,,0,,"540,000",Familiar
705,28.4774,Hectarea,0.036,Hectarea,0, ,0,,0,,,Aparceria (al partir)
705,36.3665,Hectarea,0,,0, ,0,,0,,,Propio con titulo
705,33.7544,Hectarea,0,,0, ,0,,0,,,Familiar
706,2.4651,Hectarea,0,,0, ,0,,0,,,Ocupado sin titulo
707,11.4094,Hectarea,0,,0, ,0,,0,,,Ocupado sin titulo
707,5.0253,Hectarea,0,,0, ,0,,0,,,Propio con titulo
707,27.0969,Hectarea,0,,0, ,0,,0,,,Propio con titulo
707,9.0143,Hectarea,0,,0, ,0,,0,,,Propio con titulo
708,58.2422,Hectarea,0,,0, ,0.004,Hectarea,0,,,Propio con titulo
709,7,Hectarea,0,,0, ,0,,0,,"70,000",Propio con titulo
710,31.6132,Hectarea,0,,0, ,0,,0,,,Propio con titulo
711,7.5628,Hectarea,0,,0.08,Hectareas,0,,0,,,Familiar
712,2.5286,Hectarea,0,,0, ,0,,0,,,Propio con titulo
712,84.9995,Hectarea,0,,0, ,0,,0,,,Propio con titulo
713,9.3335,Hectarea,0,,0, ,0,,0,,,Familiar
713,23.9031,Hectarea,0,,0, ,0,,0,,,Familiar
713,50.6943,Hectarea,0,,0, ,0,,0,,,Familiar
714,0.515,Hectarea,0,,0, ,0,,0,,"3,000",Propio con titulo
715,16.5093,Hectarea,0,,0, ,0,,0,,"80,000",Familiar
716,6.0425,Hectarea,0,,0, ,0,,0,,,Propio con titulo
716,8.5,Hectarea,0,,0, ,0,,0,,,Propio con titulo
717,2.66,Hectarea,0,,0, ,0,,0,,,Propio con titulo
717,8.0598,Hectarea,0,,0, ,0,,0,,,Propio con titulo
717,27.3949,Hectarea,0,,0, ,0,,0,,,Propio con titulo
718,32.4168,Hectarea,0,,0, ,0,,0,,"160,000",Ocupado sin titulo
718,4.053,Hectarea,0,,0, ,0,,0,,"20,000",Propio con titulo
719,4.2884,Hectarea,0,,0, ,0,,0,,"20,000",Propio con titulo
720,8.1604,Hectarea,0,,0, ,0,,0,,,Familiar
720,9.6304,Hectarea,0,,0, ,0,,0,,,Propio con titulo
720,13.9544,Hectarea,0,,0, ,0,,0,,,Familiar
721,33.5667,Hectarea,0,,0, ,0,,0,,"165,000",Familiar
722,2.8032,Hectarea,0,,0, ,0,,0,,"10,000",Propio con titulo
722,2.3146,Hectarea,0,,0, ,0,,0,,"10,000",Propio con titulo
722,10.3717,Hectarea,0,,0, ,0,,0,,"50,000",Ocupado sin titulo
723,1,Hectarea,0,,0, ,0,,0,,"70,000",Propio con titulo
723,14,Hectarea,0,,0, ,0,,0,,"130,000",Propio con titulo
724,34.7722,Hectarea,0,,0, ,0,,0,,,Propio con titulo
725,30.8546,Hectarea,0,,0, ,0,,0,,"150,000",Propio con titulo
726,17.6762,Hectarea,0.6,Hectarea,0.0054,Hectareas,0,,0,,"200,000",Familiar
726,21.3445,Hectarea,0,,0, ,0,,0,,"200,000",Familiar
726,22.0136,Hectarea,0,,0, ,0,,0,,"200,000",Arrendado
727,20.2906,Hectarea,0,,0, ,0,,0,,"170,000",Propio con titulo
728,3.22,Hectarea,0.0312,Hectarea,0, ,0,,0,,"100,000",Propio con titulo
729,3.648,Hectarea,0,,0, ,0,,0,,"15,000",Propio con titulo
729,2.4976,Hectarea,0,,0, ,0,,0,,"10,000",Propio con titulo
729,4.0175,Hectarea,0,,0, ,0,,0,,"20,000",Familiar
730,0.654,Hectarea,0,,0, ,0,,0,,"3,500",Propio con titulo
730,3.2596,Hectarea,0,,0, ,0,,0,,"25,000",Propio con titulo
730,4.9598,Hectarea,0,,0, ,0,,0,,"30,000",Ocupado sin titulo
730,3.0174,Hectarea,0.0256,Hectarea,0, ,0,,0,,"25,000",Propio con titulo
730,0.0684,Hectarea,0,,0, ,0,,0,,"3,500",Familiar
731,22.133,Hectarea,0,,0, ,0,,0,,"110,000",Empleado remunerado
731,7.3331,Hectarea,0,,0, ,0,,0,,"35,000",Empleado remunerado
731,8.3685,Hectarea,0,,0, ,0,,0,,"40,000",Empleado remunerado
731,7.8209,Hectarea,0,,0, ,0,,0,,"35,000",Empleado remunerado
731,0.0444,Hectarea,0,,0, ,0,,0,,"2,000",Empleado remunerado
731,2.6642,Hectarea,0,,0, ,0,,0,,"10,000",Empleado remunerado
732,22.0707,Hectarea,0,,0, ,0,,0,,"110,000",Propio con titulo
733,1.2913,Hectarea,0,,0, ,0,,0,,"6,000",Propio con titulo
734,38.3443,Hectarea,0,,0, ,0.05,Hectarea,0,,"190,000",Propio con titulo
735,17.0998,Hectarea,0,,0, ,0,,0,,"85,000",Familiar
735,34.7118,Hectarea,0,,0, ,0,,0,,"170,000",Propio con titulo
736,31.43,Hectarea,0,,0, ,0,,0,,"310,000",Empleado remunerado
737,1.8012,Hectarea,0,,0, ,0,,0,,"30,000",Propio con titulo
738,20.0167,Hectarea,0,,0, ,0,,0,,"100,000",Propio con titulo
739,3.4308,Hectarea,0,,0, ,0,,0,,"18,000",Propio con titulo
739,5.1796,Hectarea,0,,0, ,0,,0,,"18,000",Propio con titulo
739,0.1583,Hectarea,0,,0, ,0,,0,,"70,000",Propio con titulo
740,56.3445,Hectarea,0,,0, ,0.02,Hectarea,0,,"200,000",Empleado remunerado
741,3.0183,Hectarea,0,,0, ,0,,0,,"15,000",Propio con titulo
742,8.157,Hectarea,0,,0, ,0,,0,,"20,000",Propio con titulo
743,7.9079,Hectarea,0,,0, ,0,,0,,"40,000",Propio con titulo
743,56.7198,Hectarea,0,,0, ,0,,0,,"280,000",Propio con titulo
744,19.8259,Hectarea,0,,0, ,0,,0,,"100,000",Propio con titulo
745,23,Hectarea,0,,0, ,0,,0,,"1,200,000",Propio con titulo
745,64,Hectarea,0.0024,Hectarea,0.008,Hectareas,0,,0,,"500,000",Propio con titulo
745,26,Hectarea,0,,0, ,0,,0,,"150,000",Propio con titulo
746,20,Hectarea,0,,0, ,0,,0,,,Propio con titulo
746,6,Hectarea,0,,0.006,Hectareas,0,,0,,,Propio con titulo
746,5,Hectarea,0,,0, ,0,,0,,,Propio con titulo
746,3,Hectarea,0,,0, ,0,,0,,,Propio con titulo
747,1,Hectarea,0.006,Hectarea,0, ,0,,0,,,Ocupado sin titulo
748,5,Hectarea,0.094,Hectarea,0, ,0,,0,,,Propio con titulo
749,1,Hectarea,0,,0, ,0,,0,,,Ocupado sin titulo
750,2,Hectarea,0,,0, ,0,,0,,,Arrendado
751,12,Hectarea,0,,0, ,0,,0,,"120,000",Propio con titulo
751,0.7,Hectarea,0,,0, ,0,,0,,"10,000",Propio con titulo
752,1,Hectarea,0.004,Hectarea,0, ,0,,0,,"15,000",Ocupado sin titulo
753,6,Hectarea,0,,0, ,0,,0,,,Propio con titulo
753,10,Hectarea,0,,0, ,0,,0,,,Ocupado sin titulo
753,5,Hectarea,0,,0, ,0,,0,,,Propio con titulo
753,15,Hectarea,0,,0, ,0,,0,,,Propio con titulo
754,7.5,Hectarea,0,,0, ,0,,0,,,Propio con titulo
754,9.8,Hectarea,0,,0, ,0,,0,,,Propio con titulo
754,5,Hectarea,0,,0, ,0,,0,,,Propio con titulo
755,1.5,Hectarea,0,,0, ,0,,0,,,Arrendado