UPA,pc1,pc2,pc3,pc4,pc5,pc6,pc6_a
4,1,ELEFANTE,PASTO ELEFANTE,Asociado,30,11,Hectareas
4,1,SABOYA,SABOYA,Asociado,30,11,Hectareas
6,1,ELEFANTE,PASTO ELEFANTE,Solo,6,0.7056,Hectareas
10,2,BRACHIARIA,BRACHIARIA,Solo,6,0.985,Hectareas
10,2,ELEFANTE,PASTO ELEFANTE,Solo,6,2,Hectareas
13,1,BRACHIARIA,BRACHIARIA,Solo,5,47,Hectareas
13,3,ESTRELLA,ESTRELLA,Solo,20,0.4,Hectareas
15,2,ELEFANTE,PASTO ELEFANTE,Solo,9,2,Hectareas
24,1,ESTRELLA,ESTRELLA,Solo,10,12,Hectareas
24,2,ELEFANTE,PASTO ELEFANTE,Solo,15,12,Hectareas
24,2,BRACHIARIA,BRACHIARIA,Solo,10,30,Hectareas
27,1,ELEFANTE,PASTO ELEFANTE,Solo,25,3.45,Hectareas
28,1,ELEFANTE,PASTO ELEFANTE,Solo,25,1,Hectareas
28,3,ELEFANTE,PASTO ELEFANTE,Solo,25,0.9,Hectareas
28,4,ELEFANTE,PASTO ELEFANTE,Solo,25,7.97475,Hectareas
28,6,ELEFANTE,PASTO ELEFANTE,Solo,25,5,Hectareas
28,1,TANZANIA,TANZANIA,Solo,40,5,Hectareas
28,1,ELEFANTE,PASTO ELEFANTE,Solo,40,4.9,Hectareas
29,1,SABOYA,SABOYA,Asociado,25,6.4991,Hectareas
29,1,ELEFANTE,PASTO ELEFANTE,Asociado,25,6.4991,Hectareas
33,2,ELEFANTE,PASTO ELEFANTE,Solo,8,1,Hectareas
38,1,SABOYA,SABOYA,Solo,10,1,Hectareas
39,1,ELEFANTE,PASTO ELEFANTE,Solo,15,3,Hectareas
42,1,ELEFANTE,PASTO ELEFANTE,Solo,20,2.5,Hectareas
42,2,BRACHIARIA,BRACHIARIA,Solo,7,2,Hectareas
42,3,ELEFANTE,PASTO ELEFANTE,Solo,20,0.0715,Hectareas
42,4,BRACHIARIA,BRACHIARIA,Solo,7,3,Hectareas
42,5,BRACHIARIA,BRACHIARIA,Solo,7,1,Hectareas
43,1,ELEFANTE,PASTO ELEFANTE,Asociado,3,2.5,Hectareas
43,1,SABOYA,SABOYA,Asociado,3,2.5,Hectareas
45,1,ELEFANTE,PASTO ELEFANTE,Asociado,6,2,Hectareas
45,1,SABOYA,SABOYA,Asociado,6,2,Hectareas
46,2,SABOYA,SABOYA,Solo,30,1,Hectareas
47,1,BRACHIARIA,BRACHIARIA,Solo,20,3,Hectareas
47,2,BRACHIARIA,BRACHIARIA,Solo,20,3,Hectareas
47,3,ELEFANTE,PASTO ELEFANTE,Solo,4,3,Hectareas
47,4,ELEFANTE,PASTO ELEFANTE,Asociado,5,6,Hectareas
47,4,BRACHIARIA,BRACHIARIA,Asociado,5,6,Hectareas
48,1,ELEFANTE,PASTO ELEFANTE,Solo,10,0.25,Hectareas
53,1,ELEFANTE,PASTO ELEFANTE,Solo,30,1,Hectareas
54,1,ELEFANTE,PASTO ELEFANTE,Solo,10,5,Hectareas
54,2,ELEFANTE,PASTO ELEFANTE,Solo,15,12,Hectareas
58,1,ELEFANTE,PASTO ELEFANTE,Solo,4,0.025,Hectareas
61,1,ELEFANTE,PASTO ELEFANTE,Solo,25,1,Hectareas
62,1,SABOYA,SABOYA,Solo,12,0.5,Hectareas
63,2,BRACHIARIA,BRACHIARIA,Solo,10,1,Hectareas
63,3,MIEL O SETARIA,MIEL O SETARIA,Solo,10,6,Hectareas
63,4,YARAGUA,YARAGUA,Solo,10,2,Hectareas
63,5,BRACHIARIA,BRACHIARIA,Solo,10,2,Hectareas
63,6,BRACHIARIA,BRACHIARIA,Solo,10,0.6,Hectareas
63,6,BRACHIARIA,BRACHIARIA,Solo,10,26,Hectareas
64,1,BRACHIARIA,BRACHIARIA,Solo,3,14.5,Hectareas
64,1,ELEFANTE,PASTO ELEFANTE,Solo,5,0.5,Hectareas
69,1,ELEFANTE,PASTO ELEFANTE,Solo,50,60,Hectareas
69,2,ELEFANTE,PASTO ELEFANTE,Solo,50,1.1,Hectareas
69,3,ELEFANTE,PASTO ELEFANTE,Solo,45,2,Hectareas
71,1,ELEFANTE,PASTO ELEFANTE,Solo,30,0.25,Hectareas
71,1,TANZANIA,TANZANIA,Asociado,25,0.25,Hectareas
71,1,BRACHIARIA,BRACHIARIA,Asociado,30,0.25,Hectareas
72,1,ELEFANTE,PASTO ELEFANTE,Asociado,40,0.5,Hectareas
72,1,TANZANIA,TANZANIA,Asociado,40,0.5,Hectareas
73,1,TANZANIA,TANZANIA,Solo,23,1.95,Hectareas
73,1,BRACHIARIA,BRACHIARIA,Solo,23,1.95,Hectareas
73,1,SABOYA,SABOYA,Solo,23,1.95,Hectareas
73,2,BRACHIARIA,BRACHIARIA,Asociado,11,4,Hectareas
73,2,TANZANIA,TANZANIA,Asociado,11,4,Hectareas
73,3,MIEL O SETARIA,MIEL O SETARIA,Solo,11,3,Hectareas
74,9,ELEFANTE,PASTO ELEFANTE,Solo,10,15,Hectareas
74,11,ELEFANTE,PASTO ELEFANTE,Solo,10,1.75,Hectareas
74,16,ELEFANTE,PASTO ELEFANTE,Solo,10,7,Hectareas
74,19,ELEFANTE,PASTO ELEFANTE,Solo,10,7.62,Hectareas
74,21,ELEFANTE,PASTO ELEFANTE,Solo,10,20,Hectareas
74,22,ELEFANTE,PASTO ELEFANTE,Solo,3,9.38,Hectareas
76,1,ELEFANTE,PASTO ELEFANTE,Solo,20,2,Hectareas
80,1,BRACHIARIA,BRACHIARIA,Solo,4,4.5,Hectareas
80,1,TANZANIA,TANZANIA,Solo,4,4.5,Hectareas
80,2,BRACHIARIA,BRACHIARIA,Solo,4,2.5,Hectareas
80,2,TANZANIA,TANZANIA,Solo,4,2.5,Hectareas
81,2,ELEFANTE,PASTO ELEFANTE,Asociado,21,20,Hectareas
81,2,ESTRELLA,ESTRELLA,Asociado,21,20,Hectareas
81,2,SABOYA,SABOYA,Asociado,21,20,Hectareas
81,3,SABOYA,SABOYA,Solo,21,20,Hectareas
98,1,ELEFANTE,PASTO ELEFANTE,Solo,13,15.46,Hectareas
98,3,ELEFANTE,PASTO ELEFANTE,Solo,15,7,Hectareas
99,1,ELEFANTE,PASTO ELEFANTE,Solo,5,3,Hectareas
104,1,TANZANIA,TANZANIA,Solo,10,16,Hectareas
104,2,BRACHIARIA,BRACHIARIA,Solo,5,5.85,Hectareas
105,1,ELEFANTE,PASTO ELEFANTE,Solo,10,1,Hectareas
105,2,ELEFANTE,PASTO ELEFANTE,Solo,12,1.3,Hectareas
106,1,ELEFANTE,PASTO ELEFANTE,Asociado,20,9,Hectareas
106,1,BRACHIARIA,BRACHIARIA,Asociado,20,9,Hectareas
106,1,TANZANIA,TANZANIA,Asociado,20,9,Hectareas
106,2,ELEFANTE,PASTO ELEFANTE,Solo,20,2.5,Hectareas
106,3,ELEFANTE,PASTO ELEFANTE,Solo,20,4,Hectareas
106,4,ELEFANTE,PASTO ELEFANTE,Solo,20,3,Hectareas
107,1,MIEL O SETARIA,MIEL O SETARIA,Asociado,6,22.25,Hectareas
107,1,ELEFANTE,PASTO ELEFANTE,Asociado,6,22.25,Hectareas
107,1,BRACHIARIA,BRACHIARIA,Asociado,6,22.25,Hectareas
107,1,TANZANIA,TANZANIA,Asociado,6,22.25,Hectareas
107,2,ELEFANTE,PASTO ELEFANTE,Asociado,6,32,Hectareas
107,2,BRACHIARIA,BRACHIARIA,Asociado,6,32,Hectareas
107,2,TANZANIA,TANZANIA,Asociado,6,32,Hectareas
107,3,ELEFANTE,PASTO ELEFANTE,Asociado,6,9,Hectareas
107,3,TANZANIA,TANZANIA,Asociado,6,9,Hectareas
107,4,ELEFANTE,PASTO ELEFANTE,Asociado,6,13,Hectareas
107,4,BRACHIARIA,BRACHIARIA,Asociado,6,13,Hectareas
108,1,ELEFANTE,PASTO ELEFANTE,Solo,6,1,Hectareas
109,1,BRACHIARIA,BRACHIARIA,Solo,2,3,Hectareas
109,1,TANZANIA,TANZANIA,Solo,2,0.5,Hectareas
109,2,BRACHIARIA,BRACHIARIA,Solo,5,15,Hectareas
109,2,TANZANIA,TANZANIA,Solo,4,1,Hectareas
110,1,BRACHIARIA,BRACHIARIA,Solo,3,6.25,Hectareas
113,1,BRACHIARIA,BRACHIARIA,Solo,7,1,Hectareas
113,2,BRACHIARIA,BRACHIARIA,Solo,7,4.5,Hectareas
113,3,BRACHIARIA,BRACHIARIA,Solo,7,3.5,Hectareas
113,5,BRACHIARIA,BRACHIARIA,Solo,7,4.5,Hectareas
114,4,ELEFANTE,PASTO ELEFANTE,Asociado,4,1,Hectareas
114,4,TANZANIA,TANZANIA,Asociado,4,1,Hectareas
115,1,ELEFANTE,PASTO ELEFANTE,Solo,40,0.2,Hectareas
115,1,SABOYA,SABOYA,Solo,10,0.05,Hectareas
126,1,ELEFANTE,PASTO ELEFANTE,Solo,15,2,Hectareas
127,2,BRACHIARIA,BRACHIARIA,Solo,3,10,Hectareas
127,2,TANZANIA,TANZANIA,Solo,3,12,Hectareas
128,3,SABOYA,SABOYA,Asociado,1,1,Hectareas
128,3,BRACHIARIA,BRACHIARIA,Asociado,1,1,Hectareas
129,2,SABOYA,SABOYA,Solo,20,1,Hectareas
130,1,ELEFANTE,PASTO ELEFANTE,Solo,10,0.5,Hectareas
130,1,SABOYA,SABOYA,Solo,5,0.5,Hectareas
134,1,SABOYA,SABOYA,Solo,7,4.5,Hectareas
136,1,ELEFANTE,PASTO ELEFANTE,Solo,8,0.25,Hectareas
142,1,ELEFANTE,PASTO ELEFANTE,Solo,15,5.45,Hectareas
144,2,ELEFANTE,PASTO ELEFANTE,Asociado,30,1,Hectareas
144,2,SABOYA,SABOYA,Asociado,30,1,Hectareas
146,2,ELEFANTE,PASTO ELEFANTE,Solo,20,1.5,Hectareas
148,1,ELEFANTE,PASTO ELEFANTE,Solo,3,0.16,Hectareas
149,1,BRACHIARIA,BRACHIARIA,Solo,5,17,Hectareas
149,1,TANZANIA,TANZANIA,Solo,5,2,Hectareas
151,1,ELEFANTE,PASTO ELEFANTE,Solo,10,0.3829,Hectareas
153,2,MIEL O SETARIA,MIEL O SETARIA,Solo,5,10,10
156,2,ELEFANTE,PASTO ELEFANTE,Solo,10,2,Hectareas
159,1,ELEFANTE,PASTO ELEFANTE,Asociado,7,3,Hectareas
159,1,TANZANIA,TANZANIA,Asociado,7,3,Hectareas
159,1,MIEL O SETARIA,MIEL O SETARIA,Asociado,7,3,Hectareas
163,1,YARAGUA,YARAGUA,Solo,40,5,Hectareas
163,1,ELEFANTE,PASTO ELEFANTE,Solo,40,12,Hectareas
163,1,PANGOLA,765,Solo,40,2,Hectareas
167,1,ELEFANTE,PASTO ELEFANTE,Solo,10,0.5,Hectareas
169,2,BRACHIARIA,BRACHIARIA,Asociado,6,20,Hectareas
169,2,MIEL O SETARIA,MIEL O SETARIA,Asociado,6,20,Hectareas
170,1,BRACHIARIA,BRACHIARIA,Solo,70,50,Hectareas
170,2,BRACHIARIA,BRACHIARIA,Solo,70,45,Hectareas
170,3,BRACHIARIA,BRACHIARIA,Solo,70,77,Hectareas
170,4,BRACHIARIA,BRACHIARIA,Solo,70,5,Hectareas
171,1,MULATO,MULATO,Asociado,5,7.4672,Hectareas
171,1,BRACHIARIA,BRACHIARIA,Asociado,5,7.4672,Hectareas
171,1,TANZANIA,TANZANIA,Asociado,5,7.4672,Hectareas
171,2,MULATO,MULATO,Asociado,4,11.88,Hectareas
171,2,BRACHIARIA,BRACHIARIA,Asociado,4,11.88,Hectareas
171,2,TANZANIA,TANZANIA,Asociado,4,11.88,Hectareas
171,3,TANZANIA,TANZANIA,Asociado,4,1.5,Hectareas
171,3,BRACHIARIA,BRACHIARIA,Asociado,4,1.5,Hectareas
171,4,TANZANIA,TANZANIA,Asociado,4,1.5,Hectareas
171,4,BRACHIARIA,BRACHIARIA,Asociado,4,1.5,Hectareas
174,2,OREJA DE RATON,OREJA DE RATON/PAJONAL/DULCE/ROJ,Asociado,30,200,Hectareas
174,2,PAJONAL,OREJA DE RATON/PAJONAL/DULCE/ROJ,Asociado,30,200,Hectareas
174,2,SABANA,OREJA DE RATON/PAJONAL/DULCE/ROJ,Asociado,30,200,Hectareas
175,2,SABOYA,SABOYA,Asociado,10,50,Hectareas
175,2,TANZANIA,TANZANIA,Asociado,10,50,Hectareas
175,2,MIEL O SETARIA,MIEL O SETARIA,Asociado,10,50,Hectareas
175,2,ELEFANTE,PASTO ELEFANTE,Asociado,10,50,Hectareas
175,2,BRACHIARIA,BRACHIARIA,Asociado,10,50,Hectareas
175,3,ELEFANTE,PASTO ELEFANTE,Asociado,15,10,Hectareas
175,3,TANZANIA,TANZANIA,Asociado,15,10,Hectareas
176,1,BRACHIARIA,BRACHIARIA,Asociado,8,20,Hectareas
176,1,TANZANIA,TANZANIA,Asociado,8,20,Hectareas
176,2,TANZANIA,TANZANIA,Asociado,4,10,Hectareas
176,2,BRACHIARIA,BRACHIARIA,Asociado,4,10,Hectareas
178,2,BRACHIARIA,BRACHIARIA,Solo,10,6.5,Hectareas
178,5,ELEFANTE,PASTO ELEFANTE,Solo,18,77,Hectareas
178,6,TANZANIA,TANZANIA,Solo,10,67,Hectareas
179,1,ELEFANTE,PASTO ELEFANTE,Asociado,3,49.965,Hectareas
179,1,ESTRELLA,ESTRELLA,Asociado,3,49.965,Hectareas
179,1,SABOYA,SABOYA,Asociado,3,49.965,Hectareas
179,1,BRACHIARIA,BRACHIARIA,Asociado,3,49.965,Hectareas
179,1,TANZANIA,TANZANIA,Asociado,3,49.965,Hectareas
182,1,ELEFANTE,PASTO ELEFANTE,Solo,15,1,Hectareas
182,2,ELEFANTE,PASTO ELEFANTE,Asociado,10,10,Hectareas
182,2,BRACHIARIA,BRACHIARIA,Asociado,10,10,Hectareas
182,2,MIEL O SETARIA,MIEL O SETARIA,Asociado,10,10,Hectareas
182,2,GRAMALOTE,MICAY/GRANOLOTE,Asociado,10,10,Hectareas
182,3,TANZANIA,TANZANIA,Asociado,1,10,Hectareas
182,3,BRACHIARIA,BRACHIARIA,Asociado,5,10,Hectareas
182,3,PASTO NATURAL,PASTO NATURAL,Asociado,60,10,Hectareas
183,1,ELEFANTE,PASTO ELEFANTE,Solo,20,20,Hectareas
184,1,BRACHIARIA,BRACHIARIA,Solo,5,5,Hectareas
185,1,BRACHIARIA,BRACHIARIA,Solo,10,3,Hectareas
186,1,BRACHIARIA,BRACHIARIA,Solo,5,2,Hectareas
188,1,BRACHIARIA,BRACHIARIA,Asociado,10,8,Hectareas
188,1,TANZANIA,TANZANIA,Asociado,10,8,Hectareas
188,1,MIEL O SETARIA,MIEL O SETARIA,Asociado,10,8,Hectareas
191,1,ELEFANTE,PASTO ELEFANTE,Solo,10,4,Hectareas
191,1,YARAGUA,YARAGUA,Solo,20,1,Hectareas
191,1,BRACHIARIA,BRACHIARIA,Solo,3,0.5,Hectareas
191,1,TANZANIA,TANZANIA,Solo,3,0.5,Hectareas
191,1,PANGOLA,765,Solo,30,1,Hectareas
191,2,ELEFANTE,PASTO ELEFANTE,Solo,10,0.5,Hectareas
193,1,BRACHIARIA,BRACHIARIA,Solo,80,117,Hectareas
193,3,BRACHIARIA,BRACHIARIA,Solo,80,4,Hectareas
193,5,BRACHIARIA,BRACHIARIA,Solo,80,20,Hectareas
193,6,BRACHIARIA,BRACHIARIA,Solo,80,15,Hectareas
193,2,BRACHIARIA,BRACHIARIA,Solo,10,0.5,Hectareas
195,1,BRACHIARIA,BRACHIARIA,Asociado,50,70,Hectareas
195,1,TANZANIA,TANZANIA,Asociado,50,70,Hectareas
195,1,MIEL O SETARIA,MIEL O SETARIA,Asociado,50,70,Hectareas
195,2,MIEL O SETARIA,MIEL O SETARIA,Solo,50,15,Hectareas
195,3,TANZANIA,TANZANIA,Solo,30,2.5,Hectareas
196,1,ELEFANTE,PASTO ELEFANTE,Solo,20,7,Hectareas
196,1,TANZANIA,TANZANIA,Solo,20,1,Hectareas
199,1,BRACHIARIA,BRACHIARIA,Solo,1,1,Hectareas
203,1,ELEFANTE,PASTO ELEFANTE,Asociado,40,8,Hectareas
203,1,BRACHIARIA,BRACHIARIA,Asociado,8,8,Hectareas
203,1,TANZANIA,TANZANIA,Asociado,6,8,Hectareas
203,1,MIEL O SETARIA,MIEL O SETARIA,Asociado,6,8,Hectareas
203,3,BRACHIARIA,BRACHIARIA,Solo,6,3,Hectareas
203,4,TANZANIA,TANZANIA,Solo,6,2,Hectareas
203,5,BRACHIARIA,BRACHIARIA,Solo,6,3,Hectareas
204,1,BRACHIARIA,BRACHIARIA,Solo,15,6,Hectareas
204,2,TANZANIA,TANZANIA,Solo,7,3,Hectareas
205,1,ELEFANTE,PASTO ELEFANTE,Solo,6,9,Hectareas
205,2,ELEFANTE,PASTO ELEFANTE,Solo,6,10,Hectareas
209,1,ELEFANTE,PASTO ELEFANTE,Solo,20,1.5,Hectareas
211,2,ELEFANTE,PASTO ELEFANTE,Solo,5,1,Hectareas
212,1,ESTRELLA,ESTRELLA,Solo,25,15,Hectareas
214,1,ELEFANTE,PASTO ELEFANTE,Asociado,3,1,Hectareas
214,1,MIEL O SETARIA,MIEL O SETARIA,Asociado,3,1,Hectareas
214,1,BRACHIARIA,BRACHIARIA,Asociado,3,1,Hectareas
214,1,TANZANIA,TANZANIA,Asociado,3,1,Hectareas
215,1,BRACHIARIA,BRACHIARIA,Asociado,1,3,Hectareas
215,1,ELEFANTE,PASTO ELEFANTE,Asociado,1,3,Hectareas
215,2,BRACHIARIA,BRACHIARIA,Solo,1,1,Hectareas
216,1,ELEFANTE,PASTO ELEFANTE,Solo,8,3,Hectareas
220,1,TANZANIA,TANZANIA,Solo,3,4,Hectareas
220,2,BRACHIARIA,BRACHIARIA,Solo,3,18,Hectareas
220,5,ELEFANTE,PASTO ELEFANTE,Solo,4,14,Hectareas
221,1,ELEFANTE,PASTO ELEFANTE,Solo,5,1,Hectareas
221,2,ELEFANTE,PASTO ELEFANTE,Solo,5,1,Hectareas
224,1,BRACHIARIA,BRACHIARIA,Solo,2,3,Hectareas
225,1,TANZANIA,TANZANIA,Asociado,16,6,Hectareas
225,1,BRACHIARIA,BRACHIARIA,Asociado,16,6,Hectareas
228,1,ELEFANTE,PASTO ELEFANTE,Solo,4,10,Hectareas
228,1,BRACHIARIA,BRACHIARIA,Solo,5,10,Hectareas
228,1,MIEL O SETARIA,MIEL O SETARIA,Solo,8,5,Hectareas
232,1,ELEFANTE,PASTO ELEFANTE,Solo,30,27,Hectareas
233,1,ELEFANTE,PASTO ELEFANTE,Solo,50,3,Hectareas
233,2,ELEFANTE,PASTO ELEFANTE,Solo,50,1.3,Hectareas
234,1,ELEFANTE,PASTO ELEFANTE,Asociado,30,5,Hectareas
234,1,TANZANIA,TANZANIA,Asociado,6,5,Hectareas
236,3,MIEL O SETARIA,MIEL O SETARIA,Asociado,2,2,Hectareas
236,3,TANZANIA,TANZANIA,Asociado,2,2,Hectareas
236,4,BRACHIARIA,BRACHIARIA,Solo,2,1,Hectareas
236,5,TANZANIA,TANZANIA,Solo,2,1,Hectareas
238,1,ELEFANTE,PASTO ELEFANTE,Solo,20,1,Hectareas
239,2,ELEFANTE,PASTO ELEFANTE,Solo,16,30,Hectareas
241,1,BRACHIARIA,BRACHIARIA,Asociado,6,8.5,Hectareas
241,1,TANZANIA,TANZANIA,Asociado,6,8.5,Hectareas
241,1,MIEL O SETARIA,MIEL O SETARIA,Asociado,6,8.5,Hectareas
241,2,BRACHIARIA,BRACHIARIA,Solo,6,0.4,Hectareas
241,3,TANZANIA,TANZANIA,Solo,6,2.5,Hectareas
243,1,BRACHIARIA,BRACHIARIA,Solo,7,5.5,Hectareas
243,2,BRACHIARIA,BRACHIARIA,Solo,4,7.5,Hectareas
244,1,ELEFANTE,PASTO ELEFANTE,Solo,30,2,Hectareas
247,1,BRACHIARIA,BRACHIARIA,Solo,10,20,Hectareas
247,1,TANZANIA,TANZANIA,Solo,7,10,Hectareas
247,1,ELEFANTE,PASTO ELEFANTE,Solo,8,14,Hectareas
249,1,BRACHIARIA,BRACHIARIA,Asociado,6,16,Hectareas
249,1,MIEL O SETARIA,MIEL O SETARIA,Asociado,6,16,Hectareas
250,1,TANZANIA,TANZANIA,Solo,4,7,Hectareas
250,1,ELEFANTE,PASTO ELEFANTE,Solo,4,7,Hectareas
252,1,MIEL O SETARIA,MIEL O SETARIA,Solo,7,1,Hectareas
252,1,BRACHIARIA,BRACHIARIA,Solo,7,2,Hectareas
252,1,ELEFANTE,PASTO ELEFANTE,Solo,7,2,Hectareas
255,1,TANZANIA,TANZANIA,Solo,6,2,Hectareas
255,2,TANZANIA,TANZANIA,Asociado,6,8.9,Hectareas
255,2,MIEL O SETARIA,MIEL O SETARIA,Asociado,6,8.9,Hectareas
255,3,TANZANIA,TANZANIA,Solo,6,3,Hectareas
256,1,BRACHIARIA,BRACHIARIA,Asociado,2,4.4984,Hectareas
256,1,TANZANIA,TANZANIA,Asociado,2,4.4984,Hectareas
256,1,PASTO DULCE,OREJA DE RATON/PAJONAL/DULCE/ROJ,Asociado,2,4.4984,Hectareas
256,1,PASTO ROJA,OREJA DE RATON/PAJONAL/DULCE/ROJ,Asociado,2,4.4984,Hectareas
745,1,ELEFANTE,PASTO ELEFANTE,Solo,25,61.7396,Hectareas
745,2,ELEFANTE,PASTO ELEFANTE,Solo,20,9.75,Hectareas
745,3,ELEFANTE,PASTO ELEFANTE,Solo,18,23.5,Hectareas
746,1,ELEFANTE,PASTO ELEFANTE,Solo,30,13.5,Hectareas
746,2,ELEFANTE,PASTO ELEFANTE,Solo,25,5.5,Hectareas
746,3,ELEFANTE,PASTO ELEFANTE,Solo,25,5,Hectareas
746,4,ELEFANTE,PASTO ELEFANTE,Solo,30,1,Hectareas
748,1,ELEFANTE,PASTO ELEFANTE,Solo,10,4,Hectareas
753,1,ELEFANTE,PASTO ELEFANTE,Solo,25,4,Hectareas
753,2,ELEFANTE,PASTO ELEFANTE,Solo,30,10.5,Hectareas
753,4,ELEFANTE,PASTO ELEFANTE,Solo,25,2,Hectareas
754,1,ELEFANTE,PASTO ELEFANTE,Solo,1,1,Hectareas
754,2,ELEFANTE,PASTO ELEFANTE,Asociado,1,2,Hectareas
754,2,ELEFANTE,PASTO ELEFANTE,Asociado,10,2,Hectareas
619,1,ELEFANTE,PASTO ELEFANTE,Solo,3,3,Hectareas
619,2,ELEFANTE,PASTO ELEFANTE,Solo,5,0.5,Hectareas
622,1,ELEFANTE,PASTO ELEFANTE,Solo,10,1.75,Hectareas
622,2,ELEFANTE,PASTO ELEFANTE,Solo,10,2,Hectareas
623,1,ELEFANTE,PASTO ELEFANTE,Solo,25,2,Hectareas
623,2,ELEFANTE,PASTO ELEFANTE,Solo,30,4.0222,Hectareas
623,3,ELEFANTE,PASTO ELEFANTE,Solo,40,37,Hectareas
623,5,ELEFANTE,PASTO ELEFANTE,Solo,40,8.2651,Hectareas
624,1,ELEFANTE,PASTO ELEFANTE,Solo,25,7.40315,Hectareas
625,1,ELEFANTE,PASTO ELEFANTE,Solo,13,2.7833,Hectareas
625,1,KING GRASS,KING GRASS,Solo,13,1,Hectareas
625,2,ELEFANTE,PASTO ELEFANTE,Solo,20,17.5,Hectareas
625,3,ELEFANTE,PASTO ELEFANTE,Solo,15,4.62315,Hectareas
625,4,ELEFANTE,PASTO ELEFANTE,Solo,30,9.2964,Hectareas
625,6,ELEFANTE,PASTO ELEFANTE,Solo,12,22.2927,Hectareas
626,1,ELEFANTE,PASTO ELEFANTE,Solo,5,7,Hectareas
626,1,KING GRASS,KING GRASS,Solo,5,7,Hectareas
626,1,BRACHIARIA,BRACHIARIA,Solo,2,2,Hectareas
626,2,KING GRASS,KING GRASS,Solo,1,0.4926,Hectareas
626,2,BRACHIARIA,BRACHIARIA,Solo,5,0.25,Hectareas
626,3,KING GRASS,KING GRASS,Solo,5,1.8818,Hectareas
626,4,ELEFANTE,PASTO ELEFANTE,Solo,8,8,Hectareas
626,4,KING GRASS,KING GRASS,Solo,8,8,Hectareas
626,4,BRACHIARIA,BRACHIARIA,Solo,2,1.9927,Hectareas
626,5,ELEFANTE,PASTO ELEFANTE,Solo,10,5.0173,Hectareas
627,2,ELEFANTE,PASTO ELEFANTE,Solo,15,18.4121,Hectareas
627,3,ELEFANTE,PASTO ELEFANTE,Solo,30,7.4634,Hectareas
628,1,ELEFANTE,PASTO ELEFANTE,Solo,3,7,Hectareas
629,2,ELEFANTE,PASTO ELEFANTE,Solo,20,2.9466,Hectareas
629,3,ELEFANTE,PASTO ELEFANTE,Solo,30,1.5699,Hectareas
630,1,ELEFANTE,PASTO ELEFANTE,Solo,20,21.583,Hectareas
631,1,ELEFANTE,PASTO ELEFANTE,Solo,5,2.5,Hectareas
632,1,ELEFANTE,PASTO ELEFANTE,Solo,15,50.9139,Hectareas
632,2,ELEFANTE,PASTO ELEFANTE,Solo,40,8.214,Hectareas
633,1,ELEFANTE,PASTO ELEFANTE,Solo,8,17,Hectareas
634,1,ELEFANTE,PASTO ELEFANTE,Solo,20,20,Hectareas
634,1,PASTO NATURAL,PASTO NATURAL,Solo,20,25.4878,Hectareas
634,2,ELEFANTE,PASTO ELEFANTE,Solo,25,23.9307,Hectareas
634,2,KING GRASS,KING GRASS,Solo,10,1,Hectareas
635,1,ELEFANTE,PASTO ELEFANTE,Solo,10,3.4926,Hectareas
635,1,BRACHIARIA,BRACHIARIA,Solo,7,5,Hectareas
635,2,KING GRASS,KING GRASS,Solo,10,50,Hectareas
636,1,BRACHIARIA,BRACHIARIA,Solo,7,7,Hectareas
636,1,ESTRELLA,ESTRELLA,Solo,7,2,Hectareas
636,1,ELEFANTE,PASTO ELEFANTE,Solo,20,29.1316,Hectareas
636,2,ELEFANTE,PASTO ELEFANTE,Solo,20,27.3595,Hectareas
637,1,ELEFANTE,PASTO ELEFANTE,Solo,30,15.5913,Hectareas
640,1,ELEFANTE,PASTO ELEFANTE,Solo,15,9.5,Hectareas
640,2,ELEFANTE,PASTO ELEFANTE,Solo,15,4,Hectareas
641,1,ELEFANTE,PASTO ELEFANTE,Solo,27,23.5356,Hectareas
641,2,ELEFANTE,PASTO ELEFANTE,Asociado,3,11.3,Hectareas
641,2,KING GRASS,KING GRASS,Asociado,3,11.3,Hectareas
641,3,ELEFANTE,PASTO ELEFANTE,Asociado,3,11.3,Hectareas
641,3,KING GRASS,KING GRASS,Asociado,3,11.3,Hectareas
642,1,ELEFANTE,PASTO ELEFANTE,Solo,30,26,Hectareas
642,2,ELEFANTE,PASTO ELEFANTE,Solo,30,9.5719,Hectareas
642,3,ELEFANTE,PASTO ELEFANTE,Solo,30,3.9466,Hectareas
642,4,ELEFANTE,PASTO ELEFANTE,Solo,30,0.5477,Hectareas
642,5,ELEFANTE,PASTO ELEFANTE,Solo,30,3,Hectareas
642,6,ELEFANTE,PASTO ELEFANTE,Solo,30,3.7933,Hectareas
642,7,ELEFANTE,PASTO ELEFANTE,Solo,30,3.7933,Hectareas
643,1,ELEFANTE,PASTO ELEFANTE,Solo,40,4.3291,Hectareas
643,1,KING GRASS,KING GRASS,Solo,25,1,Hectareas
643,1,BRACHIARIA,BRACHIARIA,Solo,1,1,Hectareas
644,1,ELEFANTE,PASTO ELEFANTE,Solo,15,20,Hectareas
644,1,BRACHIARIA,BRACHIARIA,Solo,1,5,Hectareas
644,2,ELEFANTE,PASTO ELEFANTE,Solo,20,6.7504,Hectareas
645,1,ELEFANTE,PASTO ELEFANTE,Solo,10,19.5,Hectareas
645,1,KING GRASS,KING GRASS,Solo,6,0.5,Hectareas
646,1,ELEFANTE,PASTO ELEFANTE,Solo,40,7.0373,Hectareas
647,1,ELEFANTE,PASTO ELEFANTE,Solo,40,5.1762,Hectareas
650,1,ELEFANTE,PASTO ELEFANTE,Solo,10,3,Hectareas
650,2,ELEFANTE,PASTO ELEFANTE,Solo,10,2,Hectareas
652,1,ELEFANTE,PASTO ELEFANTE,Solo,25,22,Hectareas
653,1,ELEFANTE,PASTO ELEFANTE,Solo,16,20.9663,Hectareas
654,1,ELEFANTE,PASTO ELEFANTE,Solo,20,119.6245,Hectareas
654,1,BRACHIARIA,BRACHIARIA,Solo,20,12,Hectareas
656,1,ELEFANTE,PASTO ELEFANTE,Solo,2,3,Hectareas
656,2,ELEFANTE,PASTO ELEFANTE,Solo,6,12,Hectareas
657,1,ELEFANTE,PASTO ELEFANTE,Solo,2,1.47,Hectareas
658,1,ELEFANTE,PASTO ELEFANTE,Solo,20,27.5,Hectareas
658,1,KING GRASS,KING GRASS,Solo,1,3,Hectareas
659,1,BRACHIARIA,BRACHIARIA,Solo,1,3,Hectareas
660,3,ELEFANTE,PASTO ELEFANTE,Asociado,20,8,Hectareas
660,3,KING GRASS,KING GRASS,Asociado,15,8,Hectareas
660,4,ELEFANTE,PASTO ELEFANTE,Asociado,15,30,Hectareas
660,4,SABOYA,SABOYA,Asociado,20,30,Hectareas
660,5,ELEFANTE,PASTO ELEFANTE,Solo,5,0.125,Hectareas
661,1,ELEFANTE,PASTO ELEFANTE,Solo,8,2,Hectareas
663,1,ELEFANTE,PASTO ELEFANTE,Solo,15,2,Hectareas
666,6,ELEFANTE,PASTO ELEFANTE,Solo,10,2,Hectareas
667,1,ELEFANTE,PASTO ELEFANTE,Solo,30,0.933,Hectareas
669,1,ELEFANTE,PASTO ELEFANTE,Asociado,5,2,Hectareas
669,1,ESTRELLA,ESTRELLA,Asociado,5,2,Hectareas
669,2,ELEFANTE,PASTO ELEFANTE,Solo,7,3,Hectareas
670,3,ELEFANTE,PASTO ELEFANTE,Solo,10,2,Hectareas
670,3,BRACHIARIA,BRACHIARIA,Solo,10,1,Hectareas
670,3,KING GRASS,KING GRASS,Solo,10,2,Hectareas
670,3,MEQUERON,MEQUERON,Solo,10,4.1824,Hectareas
671,1,ELEFANTE,PASTO ELEFANTE,Solo,29,0.5,Hectareas
671,2,ELEFANTE,PASTO ELEFANTE,Solo,17,3,Hectareas
672,1,ELEFANTE,PASTO ELEFANTE,Solo,20,48,Hectareas
673,2,ELEFANTE,PASTO ELEFANTE,Solo,20,21.0797,Hectareas
674,1,ELEFANTE,PASTO ELEFANTE,Solo,5,1.3766,Hectareas
674,2,ELEFANTE,PASTO ELEFANTE,Solo,5,2.2956,Hectareas
676,1,ELEFANTE,PASTO ELEFANTE,Solo,5,1.5,Hectareas
676,2,ELEFANTE,PASTO ELEFANTE,Solo,2,3,Hectareas
677,1,ELEFANTE,PASTO ELEFANTE,Solo,1.5,2,Hectareas
679,1,KING GRASS,KING GRASS,Solo,10,2,Hectareas
679,1,BRACHIARIA,BRACHIARIA,Solo,10,15,Hectareas
679,2,MEQUERON,MEQUERON,Solo,10,1.5,Hectareas
679,2,KING GRASS,KING GRASS,Solo,10,17.5,Hectareas
679,2,ELEFANTE,PASTO ELEFANTE,Solo,10,19,Hectareas
680,1,ELEFANTE,PASTO ELEFANTE,Solo,18,69.8337,Hectareas
680,1,ESTRELLA,ESTRELLA,Solo,8,0.005,Hectareas
680,2,ELEFANTE,PASTO ELEFANTE,Solo,17,63.568,Hectareas
680,2,BRACHIARIA,BRACHIARIA,Solo,7,2,Hectareas
682,1,ELEFANTE,PASTO ELEFANTE,Solo,20,15.9793,Hectareas
683,1,ELEFANTE,PASTO ELEFANTE,Solo,20,2,Hectareas
685,1,ELEFANTE,PASTO ELEFANTE,Solo,22,1.5,Hectareas
687,2,ELEFANTE,PASTO ELEFANTE,Solo,27,2.769,Hectareas
688,1,ELEFANTE,PASTO ELEFANTE,Solo,29,35,Hectareas
689,1,ELEFANTE,PASTO ELEFANTE,Solo,20,51.3586,Hectareas
692,1,ELEFANTE,PASTO ELEFANTE,Solo,30,0.8645,Hectareas
693,1,ELEFANTE,PASTO ELEFANTE,Solo,15,15.0398,Hectareas
694,1,ELEFANTE,PASTO ELEFANTE,Solo,20,2.5,Hectareas
695,1,ELEFANTE,PASTO ELEFANTE,Solo,4,7.7222,Hectareas
695,2,ELEFANTE,PASTO ELEFANTE,Solo,1,1,Hectareas
696,1,ELEFANTE,PASTO ELEFANTE,Solo,30,49.8,Hectareas
697,1,ELEFANTE,PASTO ELEFANTE,Solo,4,3,Hectareas
697,2,ELEFANTE,PASTO ELEFANTE,Solo,4,1.652,Hectareas
698,1,ELEFANTE,PASTO ELEFANTE,Solo,30,1,Hectareas
698,1,BRACHIARIA,BRACHIARIA,Solo,5,1,Hectareas
698,1,ALFALFA,OREJA DE RATON/PAJONAL/DULCE/ROJ,Solo,2,0.6144,Hectareas
699,1,ELEFANTE,PASTO ELEFANTE,Solo,26,0.75,Hectareas
700,1,KING GRASS,KING GRASS,Solo,10,8,Hectareas
700,1,ELEFANTE,PASTO ELEFANTE,Solo,30,14,Hectareas
701,1,ELEFANTE,PASTO ELEFANTE,Solo,10,1,Hectareas
701,1,BRACHIARIA,BRACHIARIA,Solo,10,1,Hectareas
701,1,KING GRASS,KING GRASS,Solo,10,7.47,Hectareas
702,1,BRACHIARIA,BRACHIARIA,Solo,20,1,Hectareas
702,1,KING GRASS,KING GRASS,Solo,15,1,Hectareas
702,1,ELEFANTE,PASTO ELEFANTE,Solo,40,9.197,Hectareas
702,2,BRACHIARIA,BRACHIARIA,Solo,18,1,Hectareas
702,2,KING GRASS,KING GRASS,Solo,40,10,Hectareas
702,2,ELEFANTE,PASTO ELEFANTE,Solo,40,14,Hectareas
704,1,ELEFANTE,PASTO ELEFANTE,Asociado,20,40,Hectareas
704,1,KING GRASS,KING GRASS,Asociado,10,40,Hectareas
704,1,SABOYA,SABOYA,Asociado,10,40,Hectareas
704,1,PASTO MORADO,MORADO,Asociado,5,40,Hectareas
704,1,BRACHIARIA,BRACHIARIA,Asociado,5,40,Hectareas
704,1,MULATO,MULATO,Asociado,5,40,Hectareas
705,1,ELEFANTE,PASTO ELEFANTE,Solo,20,20.9774,Hectareas
705,2,ELEFANTE,PASTO ELEFANTE,Solo,20,35.1165,Hectareas
705,3,ELEFANTE,PASTO ELEFANTE,Solo,20,15,Hectareas
706,1,ELEFANTE,PASTO ELEFANTE,Solo,10,2.2151,Hectareas
707,3,KING GRASS,KING GRASS,Solo,1,5,Hectareas
708,1,ELEFANTE,PASTO ELEFANTE,Solo,30,54.9922,Hectareas
709,1,ELEFANTE,PASTO ELEFANTE,Solo,1,2,Hectareas
709,1,PASTO NATURAL,PASTO NATURAL,Solo,20,1,Hectareas
710,1,ELEFANTE,PASTO ELEFANTE,Solo,40,10,Hectareas
711,1,ELEFANTE,PASTO ELEFANTE,Solo,10,2,Hectareas
712,1,KING GRASS,KING GRASS,Solo,10,25,Hectareas
712,1,TANZANIA,TANZANIA,Solo,10,2,Hectareas
712,1,BRACHIARIA,BRACHIARIA,Solo,8,1,Hectareas
712,1,MEQUERON,MEQUERON,Solo,8,30,Hectareas
712,1,MULATO,MULATO,Solo,9,1,Hectareas
712,1,ELEFANTE,PASTO ELEFANTE,Solo,10,22.964,Hectareas
712,1,HIERBA MAIZ,OREJA DE RATON/PAJONAL/DULCE/ROJ,Solo,9,0.7855,Hectareas
713,2,ELEFANTE,PASTO ELEFANTE,Solo,15,10.6895,Hectareas
713,1,ELEFANTE,PASTO ELEFANTE,Solo,20,2,Hectareas
715,1,ELEFANTE,PASTO ELEFANTE,Solo,20,2,Hectareas
716,1,ELEFANTE,PASTO ELEFANTE,Solo,10,3.9671,Hectareas
716,2,ELEFANTE,PASTO ELEFANTE,Solo,10,8.5,Hectareas
717,1,ELEFANTE,PASTO ELEFANTE,Solo,20,26,Hectareas
717,2,PASTO NATURAL,PASTO NATURAL,Solo,20,6,Hectareas
718,1,BRACHIARIA,BRACHIARIA,Solo,0,2,Hectareas
718,2,BRACHIARIA,BRACHIARIA,Solo,0,10,Hectareas
719,1,ELEFANTE,PASTO ELEFANTE,Solo,15,1.375,Hectareas
720,3,ELEFANTE,PASTO ELEFANTE,Solo,10,5,Hectareas
721,1,ELEFANTE,PASTO ELEFANTE,Asociado,30,33.5247,Hectareas
721,1,ESTRELLA,ESTRELLA,Asociado,30,33.5247,Hectareas
722,3,KING GRASS,KING GRASS,Solo,20,10.37165,Hectareas
724,1,BRACHIARIA,BRACHIARIA,Asociado,3,32.7382,Hectareas
724,1,ELEFANTE,PASTO ELEFANTE,Asociado,16,32.7382,Hectareas
724,1,KING GRASS,KING GRASS,Asociado,16,32.7382,Hectareas
725,1,ELEFANTE,PASTO ELEFANTE,Solo,30,29.0436,Hectareas
726,1,ELEFANTE,PASTO ELEFANTE,Solo,20,2,Hectareas
726,2,ELEFANTE,PASTO ELEFANTE,Solo,35,14.3334,Hectareas
726,3,ELEFANTE,PASTO ELEFANTE,Solo,25,18,Hectareas
727,1,KING GRASS,KING GRASS,Solo,24,16.8281,Hectareas
728,1,KING GRASS,KING GRASS,Solo,2,1.5,Hectareas
728,1,ELEFANTE,PASTO ELEFANTE,Solo,12,1.2965,Hectareas
729,1,ELEFANTE,PASTO ELEFANTE,Solo,8,2,Hectareas
729,3,ELEFANTE,PASTO ELEFANTE,Solo,45,1.9075,Hectareas
730,1,ELEFANTE,PASTO ELEFANTE,Solo,10,1.457,Hectareas
730,2,ELEFANTE,PASTO ELEFANTE,Solo,10,0.654,Hectareas
730,3,ELEFANTE,PASTO ELEFANTE,Solo,10,4.9598,Hectareas
730,4,ELEFANTE,PASTO ELEFANTE,Solo,10,3.2596,Hectareas
731,1,ELEFANTE,PASTO ELEFANTE,Solo,10,20.403,Hectareas
731,2,ELEFANTE,PASTO ELEFANTE,Asociado,5,6.0677,Hectareas
731,2,KING GRASS,KING GRASS,Asociado,5,6.0677,Hectareas
731,3,ELEFANTE,PASTO ELEFANTE,Asociado,10,6.3685,Hectareas
731,3,KING GRASS,KING GRASS,Asociado,10,6.3685,Hectareas
731,4,ELEFANTE,PASTO ELEFANTE,Asociado,8,6.3331,Hectareas
731,4,KING GRASS,KING GRASS,Asociado,8,6.3331,Hectareas
731,5,KING GRASS,KING GRASS,Solo,3,2.6642,Hectareas
734,1,ELEFANTE,PASTO ELEFANTE,Solo,30,38.0943,Hectareas
735,1,ELEFANTE,PASTO ELEFANTE,Solo,18,14,Hectareas
735,2,ELEFANTE,PASTO ELEFANTE,Solo,30,30,Hectareas
736,1,ELEFANTE,PASTO ELEFANTE,Solo,20,10,Hectareas
738,1,ELEFANTE,PASTO ELEFANTE,Solo,26,13,Hectareas
739,3,ELEFANTE,PASTO ELEFANTE,Solo,15,4.6796,Hectareas
740,1,ELEFANTE,PASTO ELEFANTE,Asociado,10,25,Hectareas
740,1,BRACHIARIA,BRACHIARIA,Asociado,3,25,Hectareas
740,1,KING GRASS,KING GRASS,Asociado,3,25,Hectareas
743,1,KING GRASS,KING GRASS,Asociado,7,50,Hectareas
743,1,ELEFANTE,PASTO ELEFANTE,Asociado,35,50,Hectareas
743,2,BRACHIARIA,BRACHIARIA,Solo,20,7.5,Hectareas
744,1,ELEFANTE,PASTO ELEFANTE,Asociado,20,15,Hectareas
744,1,KING GRASS,KING GRASS,Asociado,20,15,Hectareas
261,1,ELEFANTE,PASTO ELEFANTE,Solo,20,2,Hectareas
263,1,ELEFANTE,PASTO ELEFANTE,Solo,4,0.5,Hectareas
264,1,MIEL O SETARIA,MIEL O SETARIA,Asociado,30,18,Hectareas
264,1,ELEFANTE,PASTO ELEFANTE,Asociado,40,18,Hectareas
264,1,BRACHIARIA,BRACHIARIA,Asociado,15,18,Hectareas
264,1,SABOYA,SABOYA,Asociado,15,18,Hectareas
264,2,MIEL O SETARIA,MIEL O SETARIA,Asociado,30,29,Hectareas
264,2,ELEFANTE,PASTO ELEFANTE,Asociado,40,29,Hectareas
264,2,BRACHIARIA,BRACHIARIA,Asociado,15,29,Hectareas
264,3,SABOYA,SABOYA,Asociado,15,43.75,Hectareas
264,3,ELEFANTE,PASTO ELEFANTE,Asociado,40,43.75,Hectareas
264,3,MIEL O SETARIA,MIEL O SETARIA,Asociado,30,43.75,Hectareas
264,4,ELEFANTE,PASTO ELEFANTE,Asociado,40,27.5,Hectareas
264,4,MIEL O SETARIA,MIEL O SETARIA,Asociado,30,27.5,Hectareas
264,5,SABOYA,SABOYA,Asociado,15,47,Hectareas
264,5,BRACHIARIA,BRACHIARIA,Asociado,15,47,Hectareas
264,5,ELEFANTE,PASTO ELEFANTE,Asociado,40,47,Hectareas
268,1,ELEFANTE,PASTO ELEFANTE,Asociado,25,66.2632,Hectareas
268,1,BRACHIARIA,BRACHIARIA,Asociado,25,66.2632,Hectareas
268,2,ELEFANTE,PASTO ELEFANTE,Solo,25,15.035,Hectareas
268,2,BRACHIARIA,BRACHIARIA,Solo,12,6,Hectareas
272,1,ELEFANTE,PASTO ELEFANTE,Solo,15,6,Hectareas
273,2,ELEFANTE,PASTO ELEFANTE,Solo,10,2,Hectareas
274,1,ELEFANTE,PASTO ELEFANTE,Asociado,30,63.6976,Hectareas
274,1,ESTRELLA,ESTRELLA,Asociado,15,63.6976,Hectareas
274,1,BRACHIARIA,BRACHIARIA,Asociado,10,63.6976,Hectareas
274,1,ALFALFA,OREJA DE RATON/PAJONAL/DULCE/ROJ,Solo,1,0.34,Hectareas
277,1,BRACHIARIA,BRACHIARIA,Asociado,2,4.1472,Hectareas
277,1,ESTRELLA,ESTRELLA,Asociado,2,4.1472,Hectareas
277,1,MIEL O SETARIA,MIEL O SETARIA,Asociado,2,4.1472,Hectareas
279,1,ELEFANTE,PASTO ELEFANTE,Solo,40,59.6805,Hectareas
279,1,BRACHIARIA,BRACHIARIA,Solo,4,10,Hectareas
279,1,TANZANIA,TANZANIA,Solo,4,2,Hectareas
279,2,ELEFANTE,PASTO ELEFANTE,Solo,28,39.4863,Hectareas
279,2,BRACHIARIA,BRACHIARIA,Solo,1,2,Hectareas
279,2,TANZANIA,TANZANIA,Solo,1,1,Hectareas
282,1,ELEFANTE,PASTO ELEFANTE,Solo,45,35,Hectareas
283,1,ELEFANTE,PASTO ELEFANTE,Solo,10,1,Hectareas
284,1,ELEFANTE,PASTO ELEFANTE,Asociado,35,60.7,Hectareas
284,1,BRACHIARIA,BRACHIARIA,Asociado,2,60.7,Hectareas
284,2,ELEFANTE,PASTO ELEFANTE,Solo,50,29.48,Hectareas
284,2,BRACHIARIA,BRACHIARIA,Solo,3,29.48,Hectareas
284,3,ELEFANTE,PASTO ELEFANTE,Solo,20,3,Hectareas
285,1,ELEFANTE,PASTO ELEFANTE,Solo,30,45,Hectareas
285,1,BRACHIARIA,BRACHIARIA,Solo,6,45,Hectareas
285,2,ELEFANTE,PASTO ELEFANTE,Solo,50,20,Hectareas
285,2,BRACHIARIA,BRACHIARIA,Solo,3,20,Hectareas
295,1,ELEFANTE,PASTO ELEFANTE,Solo,30,31.15,Hectareas
295,1,ESTRELLA,ESTRELLA,Solo,5,2,Hectareas
298,1,ELEFANTE,PASTO ELEFANTE,Solo,30,1.2152,Hectareas
300,1,ELEFANTE,PASTO ELEFANTE,Solo,40,60,Hectareas
301,1,BRACHIARIA,BRACHIARIA,Asociado,20,28.6544,Hectareas
301,1,ELEFANTE,PASTO ELEFANTE,Asociado,20,28.6544,Hectareas
301,2,BRACHIARIA,BRACHIARIA,Asociado,20,54.0017,Hectareas
301,2,ELEFANTE,PASTO ELEFANTE,Asociado,20,54.0017,Hectareas
301,3,ELEFANTE,PASTO ELEFANTE,Asociado,20,21.8434,Hectareas
301,3,BRACHIARIA,BRACHIARIA,Asociado,20,21.8434,Hectareas
302,1,ELEFANTE,PASTO ELEFANTE,Solo,40,56.0046,Hectareas
303,1,ESTRELLA,ESTRELLA,Solo,3,30,Hectareas
303,1,BRACHIARIA,BRACHIARIA,Solo,6,10,Hectareas
303,1,BRACHIARIA,BRACHIARIA,Solo,6,10,Hectareas
303,1,PAJA CHILENA,PASTO NATURAL,Solo,6,2,Hectareas
303,1,ELEFANTE,PASTO ELEFANTE,Solo,40,71.6893,Hectareas
304,1,ELEFANTE,PASTO ELEFANTE,Solo,30,2,Hectareas
304,2,ELEFANTE,PASTO ELEFANTE,Solo,50,30.6953,Hectareas
305,1,SABOYA,SABOYA,Asociado,20,13.288,Hectareas
305,1,ELEFANTE,PASTO ELEFANTE,Asociado,20,13.288,Hectareas
306,1,ELEFANTE,PASTO ELEFANTE,Solo,40,12,Hectareas
312,1,ELEFANTE,PASTO ELEFANTE,Solo,4,5,Hectareas
313,1,ELEFANTE,PASTO ELEFANTE,Solo,0,8,Hectareas
315,1,ELEFANTE,PASTO ELEFANTE,Asociado,10,20,Hectareas
315,1,SABOYA,SABOYA,Asociado,10,20,Hectareas
315,1,BRACHIARIA,BRACHIARIA,Asociado,1,20,Hectareas
316,3,ELEFANTE,PASTO ELEFANTE,Solo,60,6.9735,Hectareas
316,4,ELEFANTE,PASTO ELEFANTE,Solo,85,5,Hectareas
316,5,ELEFANTE,PASTO ELEFANTE,Solo,85,10.555,Hectareas
318,1,ELEFANTE,PASTO ELEFANTE,Solo,15,10.99,Hectareas
319,1,SABOYA,SABOYA,Asociado,30,4,Hectareas
319,1,ELEFANTE,PASTO ELEFANTE,Asociado,30,4,Hectareas
320,1,ELEFANTE,PASTO ELEFANTE,Asociado,40,10,Hectareas
320,1,SABOYA,SABOYA,Asociado,45,10,Hectareas
322,2,ELEFANTE,PASTO ELEFANTE,Asociado,6,9,Hectareas
322,2,ESTRELLA,ESTRELLA,Asociado,6,9,Hectareas
322,2,BRACHIARIA,BRACHIARIA,Asociado,4,9,Hectareas
322,3,ELEFANTE,PASTO ELEFANTE,Solo,4,5,Hectareas
322,4,BRACHIARIA,BRACHIARIA,Asociado,4,4,Hectareas
322,4,ELEFANTE,PASTO ELEFANTE,Asociado,4,4,Hectareas
322,5,ELEFANTE,PASTO ELEFANTE,Asociado,5,9,Hectareas
322,5,BRACHIARIA,BRACHIARIA,Asociado,5,9,Hectareas
322,6,ELEFANTE,PASTO ELEFANTE,Solo,6,20,Hectareas
324,1,ELEFANTE,PASTO ELEFANTE,Solo,70,32.9525,Hectareas
324,1,SABOYA,SABOYA,Solo,50,27,Hectareas
331,1,ESTRELLA,ESTRELLA,Solo,10,0.4789,Hectareas
334,1,ELEFANTE,PASTO ELEFANTE,Solo,70,8.367,Hectareas
344,1,SABOYA,SABOYA,Asociado,15,6.73,Hectareas
344,1,ELEFANTE,PASTO ELEFANTE,Asociado,15,6.73,Hectareas
350,1,ELEFANTE,PASTO ELEFANTE,Asociado,20,50,Hectareas
350,1,SABOYA,SABOYA,Asociado,20,50,Hectareas
351,1,ELEFANTE,PASTO ELEFANTE,Asociado,15,8,Hectareas
351,1,ESTRELLA,ESTRELLA,Asociado,15,8,Hectareas
352,1,ELEFANTE,PASTO ELEFANTE,Solo,20,5,Hectareas
354,1,ELEFANTE,PASTO ELEFANTE,Solo,10,35,Hectareas
354,1,SABOYA,SABOYA,Asociado,10,24,Hectareas
354,1,ESTRELLA,ESTRELLA,Asociado,10,24,Hectareas
354,2,ELEFANTE,PASTO ELEFANTE,Solo,12,2.54,Hectareas
355,1,ELEFANTE,PASTO ELEFANTE,Solo,20,0.6,Hectareas
358,2,ELEFANTE,PASTO ELEFANTE,Solo,6,0.25,Hectareas
360,1,ELEFANTE,PASTO ELEFANTE,Asociado,30,35.5,Hectareas
360,1,BRACHIARIA,BRACHIARIA,Asociado,3,35.5,Hectareas
360,1,ESTRELLA,ESTRELLA,Asociado,10,35.5,Hectareas
365,1,ELEFANTE,PASTO ELEFANTE,Solo,10,0.0576,Hectareas
370,1,ELEFANTE,PASTO ELEFANTE,Solo,30,15.94,Hectareas
373,1,ELEFANTE,PASTO ELEFANTE,Solo,30,86.85,Hectareas
373,1,BRACHIARIA,BRACHIARIA,Solo,2,1,Hectareas
373,2,ELEFANTE,PASTO ELEFANTE,Solo,30,41,Hectareas
373,2,BRACHIARIA,BRACHIARIA,Solo,30,41,Hectareas
381,1,ELEFANTE,PASTO ELEFANTE,Solo,40,8,Hectareas
389,1,BRACHIARIA,BRACHIARIA,Solo,2,1,Hectareas
390,1,ELEFANTE,PASTO ELEFANTE,Solo,30,1,Hectareas
397,1,ELEFANTE,PASTO ELEFANTE,Solo,40,36,Hectareas
397,1,CANUTILLA,CANUTILLA,Solo,5,15,Hectareas
397,1,BRACHIARIA,BRACHIARIA,Solo,7,20,Hectareas
397,1,GRAMALOTE,MICAY/GRANOLOTE,Asociado,5,12.69,Hectareas
397,1,ELEFANTE,PASTO ELEFANTE,Asociado,40,12.69,Hectareas
397,1,CANUTILLA,CANUTILLA,Asociado,5,12.69,Hectareas
407,1,BRACHIARIA,BRACHIARIA,Solo,25,118.5,Hectareas
407,2,BRACHIARIA,BRACHIARIA,Asociado,20,40,Hectareas
407,1,ELEFANTE,PASTO ELEFANTE,Asociado,30,40,Hectareas
408,1,ELEFANTE,PASTO ELEFANTE,Solo,10,3.005,Hectareas
409,1,ELEFANTE,PASTO ELEFANTE,Asociado,30,54.9685,Hectareas
409,1,BRACHIARIA,BRACHIARIA,Asociado,10,54.9685,Hectareas
410,1,ELEFANTE,PASTO ELEFANTE,Solo,40,30.452,Hectareas
415,2,BRACHIARIA,BRACHIARIA,Asociado,2,15.66,Hectareas
415,2,ESTRELLA,ESTRELLA,Asociado,2,15.66,Hectareas
415,2,SABOYA,SABOYA,Asociado,10,15.66,Hectareas
415,1,BRACHIARIA,BRACHIARIA,Solo,2,2,Hectareas
415,1,ESTRELLA,ESTRELLA,Solo,2,2,Hectareas
415,1,ELEFANTE,PASTO ELEFANTE,Solo,60,4,Hectareas
415,3,ELEFANTE,PASTO ELEFANTE,Solo,60,24,Hectareas
416,1,BRACHIARIA,BRACHIARIA,Solo,8,12,Hectareas
416,1,MIEL O SETARIA,MIEL O SETARIA,Solo,8,24,Hectareas
416,1,ELEFANTE,PASTO ELEFANTE,Solo,20,66,Hectareas
416,1,ESTRELLA,ESTRELLA,Solo,15,12,Hectareas
416,1,SABOYA,SABOYA,Solo,15,6,Hectareas
419,1,ELEFANTE,PASTO ELEFANTE,Solo,30,29.195,Hectareas
422,1,ELEFANTE,PASTO ELEFANTE,Solo,15,19,Hectareas
425,1,ELEFANTE,PASTO ELEFANTE,Asociado,20,0.95,Hectareas
425,1,SABOYA,SABOYA,Asociado,20,0.95,Hectareas
434,1,ELEFANTE,PASTO ELEFANTE,Solo,50,1,Hectareas
435,1,BRACHIARIA,BRACHIARIA,Solo,1,1,Hectareas
436,2,ELEFANTE,PASTO ELEFANTE,Solo,50,1,Hectareas
438,1,ELEFANTE,PASTO ELEFANTE,Solo,45,14.5,Hectareas
438,1,BRACHIARIA,BRACHIARIA,Solo,5,30,Hectareas
438,1,MIEL O SETARIA,MIEL O SETARIA,Solo,5,0.5,Hectareas
442,1,ELEFANTE,PASTO ELEFANTE,Solo,15,6,Hectareas
449,1,ELEFANTE,PASTO ELEFANTE,Solo,50,2.0189,Hectareas
450,1,ELEFANTE,PASTO ELEFANTE,Solo,30,0.5,Hectareas
450,2,ELEFANTE,PASTO ELEFANTE,Solo,30,15,Hectareas
452,1,SABOYA,SABOYA,Solo,25,10,Hectareas
452,1,ELEFANTE,PASTO ELEFANTE,Solo,25,50.3618,Hectareas
453,1,ELEFANTE,PASTO ELEFANTE,Solo,7,66.7181,Hectareas
453,2,ELEFANTE,PASTO ELEFANTE,Solo,7,40.3905,Hectareas
454,1,ELEFANTE,PASTO ELEFANTE,Solo,15,1,Hectareas
463,1,ELEFANTE,PASTO ELEFANTE,Solo,50,28.8,Hectareas
463,1,BRACHIARIA,BRACHIARIA,Solo,2,1,Hectareas
463,2,ELEFANTE,PASTO ELEFANTE,Solo,30,22,Hectareas
465,1,ELEFANTE,PASTO ELEFANTE,Asociado,10,9.5,Hectareas
465,1,SABOYA,SABOYA,Asociado,10,9.5,Hectareas
467,1,ELEFANTE,PASTO ELEFANTE,Solo,40,15,Hectareas
467,1,SABOYA,SABOYA,Solo,40,7.9123,Hectareas
467,1,ESTRELLA,ESTRELLA,Solo,20,7.9122,Hectareas
467,2,ELEFANTE,PASTO ELEFANTE,Solo,40,8.4695,Hectareas
470,1,ESTRELLA,ESTRELLA,Asociado,15,259.1436,Hectareas
470,1,ELEFANTE,PASTO ELEFANTE,Asociado,45,259.1436,Hectareas
470,1,PANGOLA,PANGOLA,Asociado,45,259.1436,Hectareas
475,1,ELEFANTE,PASTO ELEFANTE,Solo,30,5.2216,Hectareas
475,2,ELEFANTE,PASTO ELEFANTE,Solo,30,13.0356,Hectareas
476,1,SABOYA,SABOYA,Solo,30,2,Hectareas
476,1,BRACHIARIA,BRACHIARIA,Solo,6,18,Hectareas
476,1,ELEFANTE,PASTO ELEFANTE,Solo,30,101.868,Hectareas
476,1,TANZANIA,TANZANIA,Solo,6,4,Hectareas
476,1,MIEL O SETARIA,MIEL O SETARIA,Solo,6,2,Hectareas
478,1,ELEFANTE,PASTO ELEFANTE,Solo,15,91.9903,Hectareas
482,1,ELEFANTE,PASTO ELEFANTE,Solo,45,22.2,Hectareas
483,1,ELEFANTE,PASTO ELEFANTE,Solo,40,1,Hectareas
483,2,ELEFANTE,PASTO ELEFANTE,Solo,40,1.5,Hectareas
483,3,ELEFANTE,PASTO ELEFANTE,Solo,40,2,Hectareas
483,4,ELEFANTE,PASTO ELEFANTE,Solo,40,2,Hectareas
483,5,ELEFANTE,PASTO ELEFANTE,Solo,40,2.5,Hectareas
483,7,ELEFANTE,PASTO ELEFANTE,Solo,40,1.5,Hectareas
483,8,ELEFANTE,PASTO ELEFANTE,Solo,40,0.9,Hectareas
483,9,ELEFANTE,PASTO ELEFANTE,Solo,40,3,Hectareas
484,1,ELEFANTE,PASTO ELEFANTE,Solo,30,0.75,Hectareas
484,2,BRACHIARIA,BRACHIARIA,Solo,30,1.7266,Hectareas
485,1,ELEFANTE,PASTO ELEFANTE,Solo,30,17.8912,Hectareas
485,2,ELEFANTE,PASTO ELEFANTE,Solo,30,21.5907,Hectareas
485,3,ELEFANTE,PASTO ELEFANTE,Solo,30,0.4794,Hectareas
487,1,ELEFANTE,PASTO ELEFANTE,Solo,30,1,Hectareas
487,2,ELEFANTE,PASTO ELEFANTE,Solo,30,10.91,Hectareas
490,1,ELEFANTE,PASTO ELEFANTE,Solo,2,5.46,Hectareas
492,1,ELEFANTE,PASTO ELEFANTE,Solo,30,13.25,Hectareas
494,1,ELEFANTE,PASTO ELEFANTE,Solo,10,2.5,Hectareas
494,2,ELEFANTE,PASTO ELEFANTE,Solo,10,1,Hectareas
496,1,ELEFANTE,PASTO ELEFANTE,Asociado,45,44.896,Hectareas
496,1,MIEL O SETARIA,MIEL O SETARIA,Asociado,5,44.896,Hectareas
496,2,MIEL O SETARIA,MIEL O SETARIA,Solo,8,4.2151,Hectareas
496,3,ELEFANTE,PASTO ELEFANTE,Solo,45,3.1781,Hectareas
496,4,BRACHIARIA,BRACHIARIA,Solo,10,8,Hectareas
496,4,ELEFANTE,PASTO ELEFANTE,Solo,45,13.0367,Hectareas
496,4,MIEL O SETARIA,MIEL O SETARIA,Solo,10,3,Hectareas
496,5,BRACHIARIA,BRACHIARIA,Solo,10,5,Hectareas
496,5,ELEFANTE,PASTO ELEFANTE,Solo,45,30.276,Hectareas
496,5,MIEL O SETARIA,MIEL O SETARIA,Solo,10,7,Hectareas
496,6,ELEFANTE,PASTO ELEFANTE,Solo,45,16.4553,Hectareas
497,1,SABOYA,SABOYA,Asociado,12,42.9436,Hectareas
497,1,ELEFANTE,PASTO ELEFANTE,Asociado,12,42.9436,Hectareas
497,1,BRACHIARIA,BRACHIARIA,Solo,8,10,Hectareas
500,1,ELEFANTE,PASTO ELEFANTE,Solo,45,8.0898,Hectareas
501,1,ELEFANTE,PASTO ELEFANTE,Solo,35,0.25,Hectareas
503,1,ELEFANTE,PASTO ELEFANTE,Solo,45,1.5337,Hectareas
510,1,ELEFANTE,PASTO ELEFANTE,Asociado,30,37.8231,Hectareas
510,1,MIEL O SETARIA,MIEL O SETARIA,Asociado,30,37.8231,Hectareas
510,2,ELEFANTE,PASTO ELEFANTE,Asociado,40,67.3437,Hectareas
510,2,MIEL O SETARIA,MIEL O SETARIA,Asociado,40,67.3437,Hectareas
514,2,ELEFANTE,PASTO ELEFANTE,Solo,20,4,Hectareas
514,3,ELEFANTE,PASTO ELEFANTE,Solo,20,4,Hectareas
514,4,ELEFANTE,PASTO ELEFANTE,Solo,20,4,Hectareas
515,1,ELEFANTE,PASTO ELEFANTE,Solo,20,4,Hectareas
516,2,ELEFANTE,PASTO ELEFANTE,Solo,20,25,Hectareas
516,1,ELEFANTE,PASTO ELEFANTE,Solo,20,30,Hectareas
518,1,ELEFANTE,PASTO ELEFANTE,Solo,35,25,Hectareas
527,1,ELEFANTE,PASTO ELEFANTE,Solo,20,13,Hectareas
532,1,ELEFANTE,PASTO ELEFANTE,Asociado,20,5.75,Hectareas
532,1,BRACHIARIA,BRACHIARIA,Asociado,5,5.75,Hectareas
533,1,ELEFANTE,PASTO ELEFANTE,Asociado,55,177.5,Hectareas
533,1,ESTRELLA,ESTRELLA,Asociado,20,177.5,Hectareas
534,1,ELEFANTE,PASTO ELEFANTE,Solo,30,28,Hectareas
537,1,ELEFANTE,PASTO ELEFANTE,Solo,12,5,Hectareas
537,2,ELEFANTE,PASTO ELEFANTE,Solo,30,9,Hectareas
538,1,ELEFANTE,PASTO ELEFANTE,Solo,15,1.5,Hectareas
541,1,ELEFANTE,PASTO ELEFANTE,Solo,40,40,Hectareas
541,1,BRACHIARIA,BRACHIARIA,Solo,40,57.975,Hectareas
542,1,ELEFANTE,PASTO ELEFANTE,Asociado,30,12,Hectareas
542,1,BRACHIARIA,BRACHIARIA,Asociado,5,12,Hectareas
542,1,ESTRELLA,ESTRELLA,Asociado,20,12,Hectareas
542,1,SABOYA,SABOYA,Asociado,30,12,Hectareas
542,2,ELEFANTE,PASTO ELEFANTE,Asociado,30,40,Hectareas
542,2,BRACHIARIA,BRACHIARIA,Asociado,5,40,Hectareas
542,2,ESTRELLA,ESTRELLA,Asociado,20,40,Hectareas
542,2,SABOYA,SABOYA,Asociado,30,40,Hectareas
543,1,ELEFANTE,PASTO ELEFANTE,Asociado,15,5,Hectareas
543,1,SABOYA,SABOYA,Asociado,15,5,Hectareas
543,3,ELEFANTE,PASTO ELEFANTE,Solo,30,48.5,Hectareas
543,4,ELEFANTE,PASTO ELEFANTE,Solo,25,0.09,Hectareas
543,5,ELEFANTE,PASTO ELEFANTE,Asociado,40,32,Hectareas
543,5,BRACHIARIA,BRACHIARIA,Asociado,1,32,Hectareas
543,6,ELEFANTE,PASTO ELEFANTE,Solo,30,0.09,Hectareas
543,7,ELEFANTE,PASTO ELEFANTE,Solo,40,10,Hectareas
543,8,ELEFANTE,PASTO ELEFANTE,Solo,20,4,Hectareas
546,1,PANGOLA,PANGOLA,Solo,30,21,Hectareas
546,1,BRACHIARIA,BRACHIARIA,Solo,6,21,Hectareas
546,1,ELEFANTE,PASTO ELEFANTE,Solo,30,21.08,Hectareas
547,1,ELEFANTE,PASTO ELEFANTE,Solo,45,1.8761,Hectareas
548,1,MIEL O SETARIA,MIEL O SETARIA,Asociado,10,1,Hectareas
548,1,ELEFANTE,PASTO ELEFANTE,Asociado,10,1,Hectareas
548,1,BRACHIARIA,BRACHIARIA,Asociado,10,1,Hectareas
548,2,MIEL O SETARIA,MIEL O SETARIA,Solo,35,5,Hectareas
548,2,ELEFANTE,PASTO ELEFANTE,Solo,35,2,Hectareas
548,2,BRACHIARIA,BRACHIARIA,Solo,35,6.3817,Hectareas
549,1,ELEFANTE,PASTO ELEFANTE,Solo,45,1.1164,Hectareas
550,1,ELEFANTE,PASTO ELEFANTE,Solo,25,25.8263,Hectareas
551,1,ELEFANTE,PASTO ELEFANTE,Solo,40,28,Hectareas
552,1,ELEFANTE,PASTO ELEFANTE,Asociado,15,67.99,Hectareas
552,1,BRACHIARIA,BRACHIARIA,Asociado,10,67.99,Hectareas
553,1,ELEFANTE,PASTO ELEFANTE,Solo,28,85.97,Hectareas
554,3,ELEFANTE,PASTO ELEFANTE,Solo,20,31,Hectareas
555,1,ELEFANTE,PASTO ELEFANTE,Solo,40,0.1086,Hectareas
556,1,ELEFANTE,PASTO ELEFANTE,Solo,35,15.0137,Hectareas
557,1,SABOYA,SABOYA,Asociado,10,27.086,Hectareas
557,1,ELEFANTE,PASTO ELEFANTE,Asociado,10,27.086,Hectareas
557,1,BRACHIARIA,BRACHIARIA,Asociado,4,27.086,Hectareas
560,1,ELEFANTE,PASTO ELEFANTE,Solo,12,15,Hectareas
564,1,ELEFANTE,PASTO ELEFANTE,Solo,20,5,Hectareas
565,1,ELEFANTE,PASTO ELEFANTE,Solo,50,35.38,Hectareas
566,1,ELEFANTE,PASTO ELEFANTE,Asociado,10,5,Hectareas
566,1,BRACHIARIA,BRACHIARIA,Asociado,4,5,Hectareas
566,5,ELEFANTE,PASTO ELEFANTE,Asociado,20,51,Hectareas
566,5,BRACHIARIA,BRACHIARIA,Asociado,5,51,Hectareas
566,5,JANEIRO,JANEIRO,Asociado,20,51,Hectareas
566,6,ELEFANTE,PASTO ELEFANTE,Solo,15,1,Hectareas
566,7,ELEFANTE,PASTO ELEFANTE,Solo,40,2,Hectareas
567,1,ELEFANTE,PASTO ELEFANTE,Asociado,7,0.6535,Hectareas
567,1,JANEIRO,JANEIRO,Asociado,7,0.6535,Hectareas
567,2,PASTOS  NATURAL(PAJA D BURRO),PASTO NATURAL,Solo,7,1.0555,Hectareas
567,3,ELEFANTE,PASTO ELEFANTE,Solo,10,0.0335,Hectareas
567,4,ELEFANTE,PASTO ELEFANTE,Solo,10,0.1068,Hectareas
568,1,ELEFANTE,PASTO ELEFANTE,Solo,40,85,Hectareas
568,1,ESTRELLA,ESTRELLA,Solo,30,5,Hectareas
568,1,BRACHIARIA,BRACHIARIA,Solo,9,10,Hectareas
569,1,ELEFANTE,PASTO ELEFANTE,Solo,35,15.5918,Hectareas
569,1,PANGOLA,PANGOLA,Solo,35,2,Hectareas
569,2,ELEFANTE,PASTO ELEFANTE,Solo,35,39.8,Hectareas
570,1,ELEFANTE,PASTO ELEFANTE,Solo,44,28,Hectareas
570,2,ELEFANTE,PASTO ELEFANTE,Solo,44,97.25,Hectareas
571,1,ELEFANTE,PASTO ELEFANTE,Solo,30,28.1619,Hectareas
571,2,ELEFANTE,PASTO ELEFANTE,Solo,30,3,Hectareas
572,1,BRACHIARIA,BRACHIARIA,Solo,10,28.49685,Hectareas
572,1,ELEFANTE,PASTO ELEFANTE,Solo,10,3,Hectareas
573,1,ELEFANTE,PASTO ELEFANTE,Solo,40,2,Hectareas
573,1,BRACHIARIA,BRACHIARIA,Solo,10,4.8789,Hectareas
574,1,BRACHIARIA,BRACHIARIA,Asociado,40,109.5,Hectareas
574,1,ESTRELLA,ESTRELLA,Asociado,40,109.5,Hectareas
577,1,BRACHIARIA,BRACHIARIA,Asociado,25,26.99,Hectareas
577,1,MIEL O SETARIA,MIEL O SETARIA,Asociado,25,26.99,Hectareas
579,1,BRACHIARIA,BRACHIARIA,Solo,30,5.965,Hectareas
582,1,ELEFANTE,PASTO ELEFANTE,Solo,40,36.4205,Hectareas
582,1,SABOYA,SABOYA,Solo,20,16.8944,Hectareas
583,1,ELEFANTE,PASTO ELEFANTE,Solo,40,24.29405,Hectareas
583,1,PANGOLA,PANGOLA,Solo,30,24.29405,Hectareas
585,1,BRACHIARIA,BRACHIARIA,Solo,15,10,Hectareas
585,1,ELEFANTE,PASTO ELEFANTE,Solo,40,72.8,Hectareas
586,1,ELEFANTE,PASTO ELEFANTE,Solo,40,6.91,Hectareas
586,1,BRACHIARIA,BRACHIARIA,Solo,4,5,Hectareas
586,1,ESTRELLA,ESTRELLA,Solo,4,2,Hectareas
587,1,BRACHIARIA,BRACHIARIA,Asociado,5,57.81,Hectareas
587,1,ELEFANTE,PASTO ELEFANTE,Asociado,30,57.81,Hectareas
588,1,ELEFANTE,PASTO ELEFANTE,Asociado,90,54.6,Hectareas
588,1,BRACHIARIA,BRACHIARIA,Asociado,10,54.6,Hectareas
588,1,ESTRELLA,ESTRELLA,Asociado,8,54.6,Hectareas
588,1,PANGOLA,PANGOLA,Asociado,20,54.6,Hectareas
588,1,JANEIRO,JANEIRO,Asociado,20,54.6,Hectareas
588,2,ELEFANTE,PASTO ELEFANTE,Solo,40,1.57,Hectareas
588,3,ELEFANTE,PASTO ELEFANTE,Solo,40,0.26,Hectareas
589,1,ELEFANTE,PASTO ELEFANTE,Solo,25,71.5,Hectareas
589,1,BRACHIARIA,BRACHIARIA,Solo,3,15,Hectareas
591,1,ELEFANTE,PASTO ELEFANTE,Solo,25,16.5,Hectareas
591,2,ELEFANTE,PASTO ELEFANTE,Asociado,30,17,Hectareas
591,2,ESTRELLA,ESTRELLA,Asociado,10,17,Hectareas
591,3,ELEFANTE,PASTO ELEFANTE,Asociado,30,15.5,Hectareas
591,3,BRACHIARIA,BRACHIARIA,Asociado,10,15.5,Hectareas
591,3,ESTRELLA,ESTRELLA,Asociado,10,15.5,Hectareas
591,4,ELEFANTE,PASTO ELEFANTE,Asociado,30,16.5,Hectareas
591,4,ESTRELLA,ESTRELLA,Asociado,10,16.5,Hectareas
591,5,ELEFANTE,PASTO ELEFANTE,Asociado,30,17,Hectareas
591,5,ESTRELLA,ESTRELLA,Asociado,10,17,Hectareas
591,5,BRACHIARIA,BRACHIARIA,Asociado,3,17,Hectareas
591,5,MIEL O SETARIA,MIEL O SETARIA,Asociado,3,17,Hectareas
591,6,ESTRELLA,ESTRELLA,Asociado,4,24,Hectareas
591,6,BRACHIARIA,BRACHIARIA,Asociado,4,24,Hectareas
592,1,ELEFANTE,PASTO ELEFANTE,Asociado,30,8.5,Hectareas
592,1,ESTRELLA,ESTRELLA,Asociado,10,8.5,Hectareas
592,1,BRACHIARIA,BRACHIARIA,Asociado,1,8.5,Hectareas
594,1,ELEFANTE,PASTO ELEFANTE,Asociado,30,49.12,Hectareas
594,1,ESTRELLA,ESTRELLA,Asociado,30,49.12,Hectareas
595,2,ELEFANTE,PASTO ELEFANTE,Solo,5,4.98,Hectareas
596,1,ELEFANTE,PASTO ELEFANTE,Asociado,20,50,Hectareas
596,1,BRACHIARIA,BRACHIARIA,Asociado,4,50,Hectareas
597,1,ELEFANTE,PASTO ELEFANTE,Solo,40,29.75,Hectareas
600,1,ELEFANTE,PASTO ELEFANTE,Solo,40,12,Hectareas
601,2,ELEFANTE,PASTO ELEFANTE,Solo,10,4.5,Hectareas
602,1,ELEFANTE,PASTO ELEFANTE,Asociado,40,135,Hectareas
602,1,BRACHIARIA,BRACHIARIA,Asociado,3,135,Hectareas
602,2,ELEFANTE,PASTO ELEFANTE,Solo,45,26,Hectareas
602,3,BRACHIARIA,BRACHIARIA,Solo,8,148,Hectareas
602,4,ELEFANTE,PASTO ELEFANTE,Solo,40,30,Hectareas
602,4,BRACHIARIA,BRACHIARIA,Solo,8,15,Hectareas
603,1,MIEL O SETARIA,MIEL O SETARIA,Asociado,2,8,Hectareas
603,1,ELEFANTE,PASTO ELEFANTE,Asociado,2,8,Hectareas
603,1,BRACHIARIA,BRACHIARIA,Asociado,2,8,Hectareas
604,1,BRACHIARIA,BRACHIARIA,Solo,35,74.98,Hectareas
605,1,ELEFANTE,PASTO ELEFANTE,Solo,15,15,Hectareas
605,1,BRACHIARIA,BRACHIARIA,Solo,0,10,Hectareas
606,1,ELEFANTE,PASTO ELEFANTE,Asociado,65,180,Hectareas
606,1,BRACHIARIA,BRACHIARIA,Asociado,18,180,Hectareas
606,1,KING GRASS,KING GRASS,Asociado,30,180,Hectareas
606,1,SABOYA,SABOYA,Asociado,30,180,Hectareas
606,1,JANEIRO,JANEIRO,Asociado,49,180,Hectareas
606,1,PANGOLA,PANGOLA,Asociado,49,180,Hectareas
606,1,ESTRELLA,ESTRELLA,Asociado,25,180,Hectareas
606,1,PASTO NATURAL,PASTO NATURAL,Asociado,100,180,Hectareas
608,1,ELEFANTE,PASTO ELEFANTE,Solo,40,37.71,Hectareas
608,1,BRACHIARIA,BRACHIARIA,Solo,40,4,Hectareas
609,1,ELEFANTE,PASTO ELEFANTE,Solo,18,66.5,Hectareas
610,1,ELEFANTE,PASTO ELEFANTE,Asociado,50,70.7,Hectareas
610,1,SABOYA,SABOYA,Asociado,30,70.7,Hectareas
610,1,BRACHIARIA,BRACHIARIA,Asociado,10,70.7,Hectareas
611,1,JANEIRO,JANEIRO,Asociado,40,4,Hectareas
611,1,ELEFANTE,PASTO ELEFANTE,Asociado,40,4,Hectareas
611,1,BRACHIARIA,BRACHIARIA,Asociado,10,4,Hectareas
612,1,ELEFANTE,PASTO ELEFANTE,Asociado,8,16.4011,Hectareas
612,1,ESTRELLA,ESTRELLA,Asociado,8,16.4011,Hectareas
617,1,PASTA SAN ANTONIO,PASTO NATURAL,Solo,10,0.1,Hectareas